Code,Year,Consumption-Emissions
ALB,1990,1.533
ALB,1991,1.246
ALB,1992,0.775
ALB,1993,0.718
ALB,1994,0.626
ALB,1995,0.672
ALB,1996,0.785
ALB,1997,0.597
ALB,1998,0.686
ALB,1999,1.004
ALB,2000,1.026
ALB,2001,1.096
ALB,2002,1.387
ALB,2003,1.533
ALB,2004,1.461
ALB,2005,1.568
ALB,2006,1.485
ALB,2007,1.499
ALB,2008,1.679
ALB,2009,1.745
ALB,2010,1.682
ALB,2011,1.740
ALB,2012,1.659
ALB,2013,1.647
ALB,2014,1.780
ALB,2015,0.784
ALB,2016,0.765
ARE,1990,15.207
ARE,1991,16.766
ARE,1992,17.477
ARE,1993,18.778
ARE,1994,20.684
ARE,1995,20.760
ARE,1996,15.091
ARE,1997,15.317
ARE,1998,25.413
ARE,1999,22.155
ARE,2000,29.600
ARE,2001,29.841
ARE,2002,26.830
ARE,2003,36.457
ARE,2004,40.874
ARE,2005,45.337
ARE,2006,46.556
ARE,2007,56.342
ARE,2008,67.779
ARE,2009,55.270
ARE,2010,54.381
ARE,2011,58.829
ARE,2012,59.054
ARE,2013,60.318
ARE,2014,68.297
ARE,2015,68.805
ARE,2016,68.442
ARG,1990,28.583
ARG,1991,30.797
ARG,1992,32.249
ARG,1993,31.778
ARG,1994,32.793
ARG,1995,33.293
ARG,1996,35.427
ARG,1997,37.310
ARG,1998,37.791
ARG,1999,37.087
ARG,2000,35.090
ARG,2001,31.962
ARG,2002,26.312
ARG,2003,31.165
ARG,2004,36.743
ARG,2005,38.388
ARG,2006,42.735
ARG,2007,44.284
ARG,2008,48.520
ARG,2009,45.221
ARG,2010,48.689
ARG,2011,50.824
ARG,2012,51.295
ARG,2013,52.341
ARG,2014,56.069
ARG,2015,56.761
ARG,2016,56.308
ARM,1990,1.367
ARM,1991,1.244
ARM,1992,1.112
ARM,1993,0.538
ARM,1994,0.526
ARM,1995,0.768
ARM,1996,0.839
ARM,1997,1.118
ARM,1998,1.152
ARM,1999,1.456
ARM,2000,1.093
ARM,2001,1.222
ARM,2002,1.003
ARM,2003,1.188
ARM,2004,1.227
ARM,2005,1.475
ARM,2006,1.459
ARM,2007,2.040
ARM,2008,1.781
ARM,2009,1.628
ARM,2010,1.515
ARM,2011,1.564
ARM,2012,1.727
ARM,2013,1.687
ARM,2014,1.678
ARM,2015,0.698
ARM,2016,0.739
AUS,1990,64.171
AUS,1991,63.673
AUS,1992,64.461
AUS,1993,64.611
AUS,1994,66.536
AUS,1995,68.158
AUS,1996,68.968
AUS,1997,71.311
AUS,1998,75.236
AUS,1999,74.821
AUS,2000,74.808
AUS,2001,75.968
AUS,2002,80.342
AUS,2003,82.579
AUS,2004,87.668
AUS,2005,89.488
AUS,2006,94.731
AUS,2007,98.645
AUS,2008,101.152
AUS,2009,103.436
AUS,2010,105.627
AUS,2011,107.545
AUS,2012,110.147
AUS,2013,105.028
AUS,2014,103.458
AUS,2015,102.448
AUS,2016,102.668
AUT,1990,22.585
AUT,1991,23.958
AUT,1992,22.364
AUT,1993,22.579
AUT,1994,23.027
AUT,1995,24.294
AUT,1996,26.557
AUT,1997,25.255
AUT,1998,26.413
AUT,1999,25.046
AUT,2000,25.083
AUT,2001,25.901
AUT,2002,26.448
AUT,2003,27.162
AUT,2004,27.803
AUT,2005,28.493
AUT,2006,28.974
AUT,2007,27.590
AUT,2008,27.221
AUT,2009,25.318
AUT,2010,26.637
AUT,2011,27.174
AUT,2012,25.770
AUT,2013,25.507
AUT,2014,24.650
AUT,2015,24.810
AUT,2016,25.040
AZE,1990,11.352
AZE,1991,10.359
AZE,1992,6.831
AZE,1993,8.849
AZE,1994,7.256
AZE,1995,7.116
AZE,1996,8.545
AZE,1997,7.944
AZE,1998,8.563
AZE,1999,7.289
AZE,2000,7.645
AZE,2001,7.762
AZE,2002,8.774
AZE,2003,9.506
AZE,2004,10.241
AZE,2005,9.929
AZE,2006,11.425
AZE,2007,8.962
AZE,2008,10.111
AZE,2009,8.797
AZE,2010,8.436
AZE,2011,9.267
AZE,2012,10.137
AZE,2013,10.360
AZE,2014,10.861
AZE,2015,11.404
AZE,2016,11.418
Africa,1990,149.500
Africa,1991,157.454
Africa,1992,152.745
Africa,1993,158.700
Africa,1994,163.068
Africa,1995,172.443
Africa,1996,173.824
Africa,1997,176.919
Africa,1998,186.292
Africa,1999,189.132
Africa,2000,198.971
Africa,2001,203.068
Africa,2002,204.640
Africa,2003,228.899
Africa,2004,242.073
Africa,2005,251.685
Africa,2006,262.955
Africa,2007,279.938
Africa,2008,299.058
Africa,2009,310.739
Africa,2010,305.754
Africa,2011,311.692
Africa,2012,325.644
Africa,2013,344.934
Africa,2014,353.681
Africa,2015,281.749
Africa,2016,286.272
Asia,1990,1602.906
Asia,1991,1682.113
Asia,1992,1720.009
Asia,1993,1790.690
Asia,1994,1867.900
Asia,1995,1965.473
Asia,1996,2048.339
Asia,1997,2063.034
Asia,1998,1921.649
Asia,1999,2017.806
Asia,2000,2090.728
Asia,2001,2133.234
Asia,2002,2233.077
Asia,2003,2408.024
Asia,2004,2597.665
Asia,2005,2772.360
Asia,2006,2918.629
Asia,2007,3072.820
Asia,2008,3262.770
Asia,2009,3462.138
Asia,2010,3694.894
Asia,2011,4010.671
Asia,2012,4185.673
Asia,2013,4216.196
Asia,2014,4276.712
Asia,2015,4298.569
Asia,2016,4365.581
BEL,1990,40.160
BEL,1991,42.654
BEL,1992,41.543
BEL,1993,41.691
BEL,1994,42.900
BEL,1995,44.537
BEL,1996,44.700
BEL,1997,46.437
BEL,1998,49.295
BEL,1999,50.030
BEL,2000,51.678
BEL,2001,51.172
BEL,2002,54.297
BEL,2003,52.954
BEL,2004,58.636
BEL,2005,57.492
BEL,2006,60.026
BEL,2007,61.090
BEL,2008,56.334
BEL,2009,49.600
BEL,2010,53.035
BEL,2011,55.575
BEL,2012,50.315
BEL,2013,50.050
BEL,2014,49.361
BEL,2015,48.914
BEL,2016,48.378
BEN,1990,0.264
BEN,1991,0.296
BEN,1992,0.316
BEN,1993,0.378
BEN,1994,0.422
BEN,1995,0.456
BEN,1996,0.473
BEN,1997,0.512
BEN,1998,0.569
BEN,1999,0.568
BEN,2000,0.696
BEN,2001,0.773
BEN,2002,0.868
BEN,2003,0.970
BEN,2004,0.934
BEN,2005,1.184
BEN,2006,1.628
BEN,2007,1.693
BEN,2008,1.857
BEN,2009,1.857
BEN,2010,1.958
BEN,2011,2.462
BEN,2012,2.200
BEN,2013,2.340
BEN,2014,2.282
BEN,2015,1.333
BEN,2016,1.312
BFA,1990,0.226
BFA,1991,0.237
BFA,1992,0.238
BFA,1993,0.242
BFA,1994,0.246
BFA,1995,0.256
BFA,1996,0.278
BFA,1997,0.332
BFA,1998,0.544
BFA,1999,0.667
BFA,2000,0.443
BFA,2001,0.543
BFA,2002,0.531
BFA,2003,0.540
BFA,2004,0.636
BFA,2005,0.445
BFA,2006,0.488
BFA,2007,0.616
BFA,2008,0.707
BFA,2009,0.790
BFA,2010,0.798
BFA,2011,0.786
BFA,2012,0.830
BFA,2013,1.175
BFA,2014,1.124
BFA,2015,0.325
BFA,2016,0.323
BGD,1990,5.157
BGD,1991,5.476
BGD,1992,5.949
BGD,1993,5.985
BGD,1994,6.579
BGD,1995,7.631
BGD,1996,8.199
BGD,1997,8.515
BGD,1998,8.223
BGD,1999,8.245
BGD,2000,9.255
BGD,2001,11.459
BGD,2002,10.756
BGD,2003,13.157
BGD,2004,13.495
BGD,2005,13.788
BGD,2006,14.609
BGD,2007,15.664
BGD,2008,16.531
BGD,2009,18.108
BGD,2010,20.724
BGD,2011,22.353
BGD,2012,23.224
BGD,2013,25.441
BGD,2014,26.625
BGD,2015,29.447
BGD,2016,29.922
BGR,1990,15.616
BGR,1991,13.317
BGR,1992,12.331
BGR,1993,12.222
BGR,1994,11.705
BGR,1995,11.497
BGR,1996,11.825
BGR,1997,10.887
BGR,1998,10.940
BGR,1999,10.270
BGR,2000,11.322
BGR,2001,11.993
BGR,2002,11.268
BGR,2003,12.086
BGR,2004,11.922
BGR,2005,12.488
BGR,2006,13.688
BGR,2007,14.277
BGR,2008,14.602
BGR,2009,11.914
BGR,2010,11.779
BGR,2011,12.726
BGR,2012,12.189
BGR,2013,10.613
BGR,2014,10.964
BGR,2015,11.172
BGR,2016,10.511
BHR,1990,3.021
BHR,1991,3.105
BHR,1992,2.955
BHR,1993,3.553
BHR,1994,3.629
BHR,1995,3.612
BHR,1996,3.682
BHR,1997,3.418
BHR,1998,3.752
BHR,1999,1.808
BHR,2000,3.322
BHR,2001,2.912
BHR,2002,2.782
BHR,2003,2.786
BHR,2004,2.834
BHR,2005,3.500
BHR,2006,3.233
BHR,2007,4.530
BHR,2008,5.519
BHR,2009,5.361
BHR,2010,5.767
BHR,2011,4.892
BHR,2012,3.923
BHR,2013,4.676
BHR,2014,4.942
BHR,2015,5.155
BHR,2016,5.466
BLR,1990,7.850
BLR,1991,7.272
BLR,1992,10.040
BLR,1993,10.462
BLR,1994,7.796
BLR,1995,8.455
BLR,1996,12.521
BLR,1997,12.806
BLR,1998,19.406
BLR,1999,16.422
BLR,2000,15.626
BLR,2001,15.603
BLR,2002,16.295
BLR,2003,16.433
BLR,2004,17.413
BLR,2005,16.332
BLR,2006,18.454
BLR,2007,19.753
BLR,2008,21.405
BLR,2009,15.463
BLR,2010,17.352
BLR,2011,15.759
BLR,2012,19.268
BLR,2013,19.909
BLR,2014,19.478
BLR,2015,18.481
BLR,2016,18.649
BOL,1990,1.423
BOL,1991,1.472
BOL,1992,1.616
BOL,1993,1.856
BOL,1994,1.976
BOL,1995,2.215
BOL,1996,2.255
BOL,1997,2.722
BOL,1998,2.790
BOL,1999,2.859
BOL,2000,2.797
BOL,2001,2.233
BOL,2002,2.675
BOL,2003,2.436
BOL,2004,2.340
BOL,2005,2.553
BOL,2006,3.228
BOL,2007,2.762
BOL,2008,3.157
BOL,2009,3.597
BOL,2010,3.792
BOL,2011,4.165
BOL,2012,4.632
BOL,2013,4.729
BOL,2014,4.989
BOL,2015,1.379
BOL,2016,1.401
BRA,1990,64.596
BRA,1991,67.442
BRA,1992,66.986
BRA,1993,69.549
BRA,1994,73.291
BRA,1995,79.078
BRA,1996,87.224
BRA,1997,92.479
BRA,1998,95.345
BRA,1999,92.368
BRA,2000,95.121
BRA,2001,96.056
BRA,2002,92.447
BRA,2003,88.607
BRA,2004,92.613
BRA,2005,95.501
BRA,2006,97.507
BRA,2007,103.542
BRA,2008,116.729
BRA,2009,106.968
BRA,2010,127.182
BRA,2011,134.818
BRA,2012,143.227
BRA,2013,153.173
BRA,2014,160.352
BRA,2015,153.526
BRA,2016,142.801
BRN,1990,0.879
BRN,1991,0.806
BRN,1992,0.847
BRN,1993,0.926
BRN,1994,0.953
BRN,1995,0.888
BRN,1996,1.261
BRN,1997,0.682
BRN,1998,0.967
BRN,1999,0.546
BRN,2000,0.573
BRN,2001,0.557
BRN,2002,0.565
BRN,2003,1.144
BRN,2004,1.093
BRN,2005,1.123
BRN,2006,1.210
BRN,2007,1.801
BRN,2008,1.966
BRN,2009,1.426
BRN,2010,1.557
BRN,2011,1.985
BRN,2012,2.170
BRN,2013,2.276
BRN,2014,2.428
BRN,2015,2.724
BRN,2016,2.614
BWA,1990,0.737
BWA,1991,0.719
BWA,1992,0.758
BWA,1993,0.872
BWA,1994,0.827
BWA,1995,0.831
BWA,1996,0.752
BWA,1997,0.764
BWA,1998,0.912
BWA,1999,0.862
BWA,2000,2.679
BWA,2001,2.295
BWA,2002,0.832
BWA,2003,4.366
BWA,2004,2.984
BWA,2005,2.627
BWA,2006,2.320
BWA,2007,2.893
BWA,2008,3.179
BWA,2009,1.485
BWA,2010,1.613
BWA,2011,1.443
BWA,2012,1.443
BWA,2013,4.189
BWA,2014,4.607
BWA,2015,3.637
BWA,2016,3.685
Bunkers,1959,58.234
Bunkers,1960,65.022
Bunkers,1961,71.845
Bunkers,1962,74.403
Bunkers,1963,77.821
Bunkers,1964,85.181
Bunkers,1965,88.051
Bunkers,1966,95.264
Bunkers,1967,101.955
Bunkers,1968,107.758
Bunkers,1969,112.831
Bunkers,1970,119.330
Bunkers,1971,125.838
Bunkers,1972,134.372
Bunkers,1973,143.979
Bunkers,1974,133.565
Bunkers,1975,122.390
Bunkers,1976,120.031
Bunkers,1977,122.906
Bunkers,1978,124.609
Bunkers,1979,125.132
Bunkers,1980,122.010
Bunkers,1981,112.687
Bunkers,1982,102.116
Bunkers,1983,97.949
Bunkers,1984,98.328
Bunkers,1985,100.469
Bunkers,1986,107.534
Bunkers,1987,117.939
Bunkers,1988,122.099
Bunkers,1989,126.692
Bunkers,1990,151.095
Bunkers,1991,146.031
Bunkers,1992,150.453
Bunkers,1993,153.155
Bunkers,1994,159.999
Bunkers,1995,169.045
Bunkers,1996,183.267
Bunkers,1997,193.239
Bunkers,1998,205.561
Bunkers,1999,212.313
Bunkers,2000,215.076
Bunkers,2001,214.067
Bunkers,2002,219.225
Bunkers,2003,229.010
Bunkers,2004,248.493
Bunkers,2005,258.983
Bunkers,2006,273.450
Bunkers,2007,289.190
Bunkers,2008,294.122
Bunkers,2009,283.093
Bunkers,2010,300.479
Bunkers,2011,307.047
Bunkers,2012,305.278
Bunkers,2013,309.544
Bunkers,2014,310.518
Bunkers,2015,312.397
Bunkers,2016,315.313
Bunkers,2017,315.313
CAN,1990,130.216
CAN,1991,129.455
CAN,1992,132.179
CAN,1993,131.192
CAN,1994,134.349
CAN,1995,138.199
CAN,1996,141.478
CAN,1997,150.891
CAN,1998,153.244
CAN,1999,152.547
CAN,2000,159.185
CAN,2001,154.394
CAN,2002,159.579
CAN,2003,152.987
CAN,2004,157.115
CAN,2005,159.733
CAN,2006,155.298
CAN,2007,163.196
CAN,2008,161.297
CAN,2009,153.583
CAN,2010,162.520
CAN,2011,153.569
CAN,2012,163.875
CAN,2013,166.027
CAN,2014,165.426
CAN,2015,159.655
CAN,2016,156.666
CHE,1990,21.677
CHE,1991,22.887
CHE,1992,22.294
CHE,1993,22.105
CHE,1994,22.428
CHE,1995,23.594
CHE,1996,28.757
CHE,1997,26.028
CHE,1998,30.903
CHE,1999,26.885
CHE,2000,28.035
CHE,2001,25.926
CHE,2002,25.042
CHE,2003,29.607
CHE,2004,29.480
CHE,2005,29.377
CHE,2006,28.761
CHE,2007,30.975
CHE,2008,31.200
CHE,2009,30.222
CHE,2010,29.678
CHE,2011,32.189
CHE,2012,30.856
CHE,2013,34.607
CHE,2014,33.768
CHE,2015,33.092
CHE,2016,32.678
CHL,1990,8.514
CHL,1991,8.112
CHL,1992,8.295
CHL,1993,8.938
CHL,1994,9.600
CHL,1995,10.604
CHL,1996,12.112
CHL,1997,13.510
CHL,1998,13.981
CHL,1999,15.305
CHL,2000,15.309
CHL,2001,14.256
CHL,2002,14.612
CHL,2003,13.822
CHL,2004,14.783
CHL,2005,16.322
CHL,2006,18.097
CHL,2007,19.274
CHL,2008,20.550
CHL,2009,17.368
CHL,2010,20.167
CHL,2011,22.496
CHL,2012,24.168
CHL,2013,24.505
CHL,2014,24.560
CHL,2015,24.458
CHL,2016,25.198
CHN,1990,629.056
CHN,1991,661.715
CHN,1992,684.762
CHN,1993,724.705
CHN,1994,754.254
CHN,1995,815.728
CHN,1996,849.509
CHN,1997,828.395
CHN,1998,791.795
CHN,1999,801.836
CHN,2000,820.669
CHN,2001,861.938
CHN,2002,932.260
CHN,2003,1061.056
CHN,2004,1204.128
CHN,2005,1342.882
CHN,2006,1441.116
CHN,2007,1553.311
CHN,2008,1671.381
CHN,2009,1860.671
CHN,2010,2033.144
CHN,2011,2241.987
CHN,2012,2320.205
CHN,2013,2367.459
CHN,2014,2370.334
CHN,2015,2372.483
CHN,2016,2401.870
CIV,1990,1.439
CIV,1991,1.443
CIV,1992,1.322
CIV,1993,1.638
CIV,1994,1.489
CIV,1995,1.930
CIV,1996,1.770
CIV,1997,1.761
CIV,1998,2.272
CIV,1999,1.342
CIV,2000,1.122
CIV,2001,1.374
CIV,2002,1.118
CIV,2003,1.873
CIV,2004,2.039
CIV,2005,2.273
CIV,2006,2.308
CIV,2007,2.126
CIV,2008,2.399
CIV,2009,2.129
CIV,2010,2.379
CIV,2011,2.341
CIV,2012,2.883
CIV,2013,4.295
CIV,2014,4.448
CIV,2015,1.649
CIV,2016,1.611
CMR,1990,0.634
CMR,1991,0.501
CMR,1992,1.155
CMR,1993,1.219
CMR,1994,1.190
CMR,1995,1.287
CMR,1996,1.260
CMR,1997,1.110
CMR,1998,1.110
CMR,1999,0.908
CMR,2000,1.081
CMR,2001,1.222
CMR,2002,1.213
CMR,2003,1.453
CMR,2004,1.402
CMR,2005,1.452
CMR,2006,1.522
CMR,2007,1.729
CMR,2008,1.892
CMR,2009,2.177
CMR,2010,2.226
CMR,2011,2.169
CMR,2012,2.456
CMR,2013,2.917
CMR,2014,3.046
CMR,2015,1.289
CMR,2016,1.218
COL,1990,17.233
COL,1991,17.022
COL,1992,18.096
COL,1993,19.116
COL,1994,20.346
COL,1995,18.772
COL,1996,18.600
COL,1997,20.306
COL,1998,20.911
COL,1999,17.125
COL,2000,17.051
COL,2001,17.110
COL,2002,18.120
COL,2003,16.880
COL,2004,16.250
COL,2005,18.125
COL,2006,19.473
COL,2007,19.865
COL,2008,21.379
COL,2009,21.511
COL,2010,23.126
COL,2011,24.143
COL,2012,25.429
COL,2013,27.892
COL,2014,27.061
COL,2015,27.314
COL,2016,27.320
CRI,1990,1.367
CRI,1991,1.461
CRI,1992,1.539
CRI,1993,1.616
CRI,1994,1.966
CRI,1995,1.915
CRI,1996,1.870
CRI,1997,2.077
CRI,1998,2.454
CRI,1999,3.556
CRI,2000,2.766
CRI,2001,3.356
CRI,2002,4.929
CRI,2003,3.431
CRI,2004,3.525
CRI,2005,3.777
CRI,2006,3.153
CRI,2007,3.583
CRI,2008,3.597
CRI,2009,3.143
CRI,2010,3.259
CRI,2011,3.572
CRI,2012,3.687
CRI,2013,3.427
CRI,2014,3.491
CRI,2015,1.812
CRI,2016,1.775
CYP,1990,1.590
CYP,1991,1.732
CYP,1992,1.622
CYP,1993,1.649
CYP,1994,1.723
CYP,1995,1.752
CYP,1996,2.088
CYP,1997,1.958
CYP,1998,2.367
CYP,1999,2.140
CYP,2000,2.452
CYP,2001,2.428
CYP,2002,2.903
CYP,2003,2.726
CYP,2004,2.504
CYP,2005,2.634
CYP,2006,2.571
CYP,2007,2.886
CYP,2008,3.270
CYP,2009,3.566
CYP,2010,3.544
CYP,2011,3.068
CYP,2012,2.551
CYP,2013,2.133
CYP,2014,2.150
CYP,2015,2.088
CYP,2016,2.110
CZE,1990,44.558
CZE,1991,41.537
CZE,1992,39.079
CZE,1993,36.753
CZE,1994,35.912
CZE,1995,35.901
CZE,1996,35.926
CZE,1997,34.780
CZE,1998,33.111
CZE,1999,30.792
CZE,2000,33.147
CZE,2001,33.384
CZE,2002,33.921
CZE,2003,33.895
CZE,2004,32.692
CZE,2005,31.103
CZE,2006,33.346
CZE,2007,34.636
CZE,2008,34.832
CZE,2009,31.411
CZE,2010,32.881
CZE,2011,32.380
CZE,2012,30.238
CZE,2013,29.652
CZE,2014,28.741
CZE,2015,28.739
CZE,2016,28.995
Central America,1990,28.305
Central America,1991,27.713
Central America,1992,28.832
Central America,1993,29.485
Central America,1994,31.190
Central America,1995,31.104
Central America,1996,33.964
Central America,1997,34.896
Central America,1998,36.682
Central America,1999,41.160
Central America,2000,42.425
Central America,2001,45.072
Central America,2002,46.335
Central America,2003,43.984
Central America,2004,41.271
Central America,2005,43.049
Central America,2006,42.578
Central America,2007,43.565
Central America,2008,44.939
Central America,2009,48.231
Central America,2010,52.699
Central America,2011,50.000
Central America,2012,54.648
Central America,2013,50.318
Central America,2014,52.124
Central America,2015,23.684
Central America,2016,23.989
DEU,1990,317.616
DEU,1991,314.934
DEU,1992,301.337
DEU,1993,302.640
DEU,1994,301.661
DEU,1995,306.449
DEU,1996,304.371
DEU,1997,294.557
DEU,1998,296.073
DEU,1999,289.284
DEU,2000,289.101
DEU,2001,289.866
DEU,2002,282.898
DEU,2003,290.585
DEU,2004,290.898
DEU,2005,284.988
DEU,2006,292.414
DEU,2007,278.127
DEU,2008,274.893
DEU,2009,256.317
DEU,2010,268.507
DEU,2011,267.076
DEU,2012,253.894
DEU,2013,253.885
DEU,2014,245.367
DEU,2015,241.775
DEU,2016,242.291
DNK,1990,15.762
DNK,1991,17.877
DNK,1992,16.635
DNK,1993,17.116
DNK,1994,18.089
DNK,1995,18.061
DNK,1996,19.855
DNK,1997,18.502
DNK,1998,17.785
DNK,1999,18.288
DNK,2000,17.177
DNK,2001,17.324
DNK,2002,17.511
DNK,2003,18.236
DNK,2004,18.554
DNK,2005,17.935
DNK,2006,19.677
DNK,2007,18.776
DNK,2008,17.988
DNK,2009,16.793
DNK,2010,17.097
DNK,2011,16.465
DNK,2012,15.017
DNK,2013,15.438
DNK,2014,14.767
DNK,2015,14.166
DNK,2016,14.372
DOM,1990,2.671
DOM,1991,2.867
DOM,1992,3.106
DOM,1993,3.314
DOM,1994,3.512
DOM,1995,4.267
DOM,1996,4.697
DOM,1997,5.028
DOM,1998,5.715
DOM,1999,6.645
DOM,2000,7.100
DOM,2001,7.307
DOM,2002,6.605
DOM,2003,5.941
DOM,2004,5.113
DOM,2005,5.558
DOM,2006,5.784
DOM,2007,6.506
DOM,2008,6.751
DOM,2009,6.278
DOM,2010,6.588
DOM,2011,6.596
DOM,2012,7.060
DOM,2013,6.505
DOM,2014,6.542
DOM,2015,2.548
DOM,2016,2.500
ECU,1990,4.712
ECU,1991,4.553
ECU,1992,5.778
ECU,1993,6.199
ECU,1994,3.985
ECU,1995,5.872
ECU,1996,6.086
ECU,1997,5.197
ECU,1998,6.635
ECU,1999,6.089
ECU,2000,5.883
ECU,2001,7.111
ECU,2002,8.222
ECU,2003,8.168
ECU,2004,8.523
ECU,2005,8.904
ECU,2006,9.006
ECU,2007,10.150
ECU,2008,10.648
ECU,2009,11.009
ECU,2010,11.725
ECU,2011,12.589
ECU,2012,12.732
ECU,2013,13.359
ECU,2014,14.036
ECU,2015,13.362
ECU,2016,12.774
EGY,1990,23.272
EGY,1991,24.463
EGY,1992,24.150
EGY,1993,27.037
EGY,1994,25.815
EGY,1995,28.841
EGY,1996,30.195
EGY,1997,32.190
EGY,1998,36.699
EGY,1999,38.208
EGY,2000,41.010
EGY,2001,36.729
EGY,2002,37.286
EGY,2003,41.178
EGY,2004,40.290
EGY,2005,46.614
EGY,2006,47.948
EGY,2007,49.684
EGY,2008,52.499
EGY,2009,55.940
EGY,2010,55.654
EGY,2011,58.503
EGY,2012,60.514
EGY,2013,58.480
EGY,2014,57.232
EGY,2015,58.549
EGY,2016,61.823
ESP,1990,71.907
ESP,1991,75.335
ESP,1992,75.879
ESP,1993,73.446
ESP,1994,75.788
ESP,1995,79.649
ESP,1996,75.284
ESP,1997,77.514
ESP,1998,83.430
ESP,1999,87.506
ESP,2000,90.964
ESP,2001,92.166
ESP,2002,99.092
ESP,2003,99.292
ESP,2004,106.795
ESP,2005,112.687
ESP,2006,115.851
ESP,2007,118.885
ESP,2008,109.943
ESP,2009,96.647
ESP,2010,94.305
ESP,2011,92.452
ESP,2012,86.752
ESP,2013,79.486
ESP,2014,79.710
ESP,2015,81.026
ESP,2016,78.526
EST,1990,8.689
EST,1991,8.908
EST,1992,5.635
EST,1993,4.545
EST,1994,4.645
EST,1995,4.454
EST,1996,4.787
EST,1997,4.667
EST,1998,5.281
EST,1999,5.138
EST,2000,4.758
EST,2001,4.747
EST,2002,5.084
EST,2003,5.653
EST,2004,4.986
EST,2005,5.083
EST,2006,5.282
EST,2007,5.659
EST,2008,4.672
EST,2009,4.083
EST,2010,4.804
EST,2011,5.175
EST,2012,4.907
EST,2013,5.038
EST,2014,4.920
EST,2015,4.502
EST,2016,4.760
ETH,1990,1.030
ETH,1991,1.039
ETH,1992,1.042
ETH,1993,1.081
ETH,1994,0.895
ETH,1995,1.006
ETH,1996,1.100
ETH,1997,1.216
ETH,1998,1.468
ETH,1999,1.439
ETH,2000,1.383
ETH,2001,1.643
ETH,2002,1.620
ETH,2003,1.845
ETH,2004,1.796
ETH,2005,2.054
ETH,2006,2.257
ETH,2007,2.301
ETH,2008,2.611
ETH,2009,3.054
ETH,2010,2.709
ETH,2011,3.003
ETH,2012,3.904
ETH,2013,4.611
ETH,2014,4.938
ETH,2015,2.657
ETH,2016,2.659
EUU,1990,1373.173
EUU,1991,1395.405
EUU,1992,1326.269
EUU,1993,1309.482
EUU,1994,1311.905
EUU,1995,1339.353
EUU,1996,1343.444
EUU,1997,1323.918
EUU,1998,1344.330
EUU,1999,1318.944
EUU,2000,1330.697
EUU,2001,1339.437
EUU,2002,1349.829
EUU,2003,1370.216
EUU,2004,1403.583
EUU,2005,1395.084
EUU,2006,1441.660
EUU,2007,1426.977
EUU,2008,1394.292
EUU,2009,1291.536
EUU,2010,1327.456
EUU,2011,1304.165
EUU,2012,1237.568
EUU,2013,1201.519
EUU,2014,1165.195
EUU,2015,1145.391
EUU,2016,1136.748
Europe,1990,2226.562
Europe,1991,2120.752
Europe,1992,1984.706
Europe,1993,1912.501
Europe,1994,1815.621
Europe,1995,1817.720
Europe,1996,1848.337
Europe,1997,1793.279
Europe,1998,1799.513
Europe,1999,1781.388
Europe,2000,1791.625
Europe,2001,1821.088
Europe,2002,1824.667
Europe,2003,1858.152
Europe,2004,1891.782
Europe,2005,1899.949
Europe,2006,1954.891
Europe,2007,1966.669
Europe,2008,1949.549
Europe,2009,1790.979
Europe,2010,1855.216
Europe,2011,1860.175
Europe,2012,1811.233
Europe,2013,1760.918
Europe,2014,1714.406
Europe,2015,1662.779
Europe,2016,1652.037
FIN,1990,18.946
FIN,1991,21.277
FIN,1992,19.308
FIN,1993,19.522
FIN,1994,20.674
FIN,1995,20.488
FIN,1996,21.433
FIN,1997,21.450
FIN,1998,20.163
FIN,1999,19.678
FIN,2000,19.411
FIN,2001,20.984
FIN,2002,21.160
FIN,2003,23.845
FIN,2004,24.652
FIN,2005,22.028
FIN,2006,25.540
FIN,2007,25.783
FIN,2008,22.914
FIN,2009,20.159
FIN,2010,23.035
FIN,2011,20.853
FIN,2012,19.976
FIN,2013,19.321
FIN,2014,18.671
FIN,2015,18.167
FIN,2016,18.993
FRA,1990,133.520
FRA,1991,143.568
FRA,1992,138.492
FRA,1993,134.955
FRA,1994,135.593
FRA,1995,139.573
FRA,1996,142.283
FRA,1997,139.463
FRA,1998,146.323
FRA,1999,143.989
FRA,2000,144.473
FRA,2001,144.310
FRA,2002,144.620
FRA,2003,145.115
FRA,2004,151.759
FRA,2005,150.467
FRA,2006,147.525
FRA,2007,153.043
FRA,2008,149.620
FRA,2009,143.434
FRA,2010,143.433
FRA,2011,147.958
FRA,2012,133.515
FRA,2013,132.307
FRA,2014,125.909
FRA,2015,122.534
FRA,2016,122.453
GBR,1990,179.387
GBR,1991,184.117
GBR,1992,179.471
GBR,1993,177.546
GBR,1994,178.161
GBR,1995,178.047
GBR,1996,186.944
GBR,1997,184.886
GBR,1998,191.237
GBR,1999,184.655
GBR,2000,186.187
GBR,2001,189.222
GBR,2002,187.167
GBR,2003,194.239
GBR,2004,198.517
GBR,2005,195.326
GBR,2006,198.437
GBR,2007,200.044
GBR,2008,190.276
GBR,2009,180.699
GBR,2010,187.039
GBR,2011,172.553
GBR,2012,176.254
GBR,2013,171.436
GBR,2014,164.255
GBR,2015,157.381
GBR,2016,151.883
GEO,1990,2.912
GEO,1991,3.231
GEO,1992,2.581
GEO,1993,2.200
GEO,1994,1.332
GEO,1995,0.602
GEO,1996,2.467
GEO,1997,1.911
GEO,1998,2.039
GEO,1999,1.576
GEO,2000,1.477
GEO,2001,1.407
GEO,2002,1.306
GEO,2003,1.495
GEO,2004,1.759
GEO,2005,2.022
GEO,2006,2.371
GEO,2007,2.588
GEO,2008,2.408
GEO,2009,2.145
GEO,2010,2.250
GEO,2011,2.543
GEO,2012,2.837
GEO,2013,2.803
GEO,2014,3.038
GEO,2015,1.674
GEO,2016,1.701
GHA,1990,1.260
GHA,1991,1.311
GHA,1992,1.337
GHA,1993,1.469
GHA,1994,1.595
GHA,1995,1.681
GHA,1996,1.973
GHA,1997,2.361
GHA,1998,2.390
GHA,1999,2.502
GHA,2000,2.198
GHA,2001,2.564
GHA,2002,2.673
GHA,2003,2.933
GHA,2004,3.313
GHA,2005,3.372
GHA,2006,3.777
GHA,2007,4.029
GHA,2008,3.991
GHA,2009,3.558
GHA,2010,3.943
GHA,2011,4.492
GHA,2012,5.416
GHA,2013,5.618
GHA,2014,5.745
GHA,2015,3.097
GHA,2016,3.034
GIN,1990,0.274
GIN,1991,0.280
GIN,1992,0.289
GIN,1993,0.297
GIN,1994,0.341
GIN,1995,0.352
GIN,1996,0.372
GIN,1997,0.387
GIN,1998,0.410
GIN,1999,0.431
GIN,2000,0.448
GIN,2001,0.469
GIN,2002,0.492
GIN,2003,0.513
GIN,2004,0.530
GIN,2005,0.498
GIN,2006,0.516
GIN,2007,0.537
GIN,2008,0.597
GIN,2009,0.617
GIN,2010,0.710
GIN,2011,0.758
GIN,2012,0.704
GIN,2013,0.627
GIN,2014,0.668
GIN,2015,0.068
GIN,2016,0.068
GRC,1990,26.408
GRC,1991,26.559
GRC,1992,26.018
GRC,1993,26.108
GRC,1994,26.753
GRC,1995,27.520
GRC,1996,27.192
GRC,1997,27.581
GRC,1998,30.009
GRC,1999,28.401
GRC,2000,29.964
GRC,2001,30.500
GRC,2002,31.171
GRC,2003,27.050
GRC,2004,26.130
GRC,2005,26.426
GRC,2006,27.532
GRC,2007,26.991
GRC,2008,27.108
GRC,2009,30.369
GRC,2010,26.735
GRC,2011,23.950
GRC,2012,22.488
GRC,2013,19.868
GRC,2014,18.865
GRC,2015,17.668
GRC,2016,17.290
GTM,1990,1.705
GTM,1991,1.787
GTM,1992,2.000
GTM,1993,1.941
GTM,1994,2.254
GTM,1995,2.372
GTM,1996,2.230
GTM,1997,2.672
GTM,1998,3.239
GTM,1999,3.297
GTM,2000,3.434
GTM,2001,3.825
GTM,2002,4.288
GTM,2003,3.690
GTM,2004,3.832
GTM,2005,4.248
GTM,2006,4.402
GTM,2007,4.403
GTM,2008,4.225
GTM,2009,4.121
GTM,2010,4.275
GTM,2011,4.574
GTM,2012,4.751
GTM,2013,5.022
GTM,2014,6.006
GTM,2015,2.240
GTM,2016,2.213
HKG,1990,21.256
HKG,1991,23.195
HKG,1992,24.642
HKG,1993,27.155
HKG,1994,30.468
HKG,1995,33.088
HKG,1996,32.633
HKG,1997,37.185
HKG,1998,32.022
HKG,1999,28.119
HKG,2000,28.906
HKG,2001,30.249
HKG,2002,26.565
HKG,2003,25.056
HKG,2004,22.463
HKG,2005,24.428
HKG,2006,25.409
HKG,2007,21.604
HKG,2008,24.575
HKG,2009,23.339
HKG,2010,25.036
HKG,2011,22.375
HKG,2012,31.794
HKG,2013,34.350
HKG,2014,35.187
HKG,2015,33.679
HKG,2016,32.946
HND,1990,0.816
HND,1991,0.872
HND,1992,0.953
HND,1993,0.943
HND,1994,1.092
HND,1995,1.207
HND,1996,1.321
HND,1997,1.528
HND,1998,1.755
HND,1999,1.951
HND,2000,2.092
HND,2001,2.365
HND,2002,2.693
HND,2003,2.480
HND,2004,2.453
HND,2005,2.620
HND,2006,2.489
HND,2007,2.917
HND,2008,2.883
HND,2009,2.636
HND,2010,2.688
HND,2011,2.810
HND,2012,3.167
HND,2013,3.077
HND,2014,3.211
HND,2015,1.257
HND,2016,1.234
HRV,1990,5.636
HRV,1991,4.401
HRV,1992,4.378
HRV,1993,4.674
HRV,1994,4.709
HRV,1995,5.182
HRV,1996,5.536
HRV,1997,5.819
HRV,1998,5.704
HRV,1999,5.894
HRV,2000,5.725
HRV,2001,6.393
HRV,2002,6.789
HRV,2003,7.321
HRV,2004,7.249
HRV,2005,7.546
HRV,2006,8.480
HRV,2007,8.380
HRV,2008,8.246
HRV,2009,7.307
HRV,2010,6.863
HRV,2011,7.475
HRV,2012,6.183
HRV,2013,6.032
HRV,2014,5.746
HRV,2015,5.100
HRV,2016,5.127
HUN,1990,24.027
HUN,1991,24.210
HUN,1992,20.772
HUN,1993,21.326
HUN,1994,20.989
HUN,1995,20.858
HUN,1996,20.256
HUN,1997,19.942
HUN,1998,20.105
HUN,1999,19.839
HUN,2000,19.303
HUN,2001,20.150
HUN,2002,21.088
HUN,2003,22.590
HUN,2004,21.506
HUN,2005,21.347
HUN,2006,22.832
HUN,2007,22.233
HUN,2008,22.038
HUN,2009,18.801
HUN,2010,19.111
HUN,2011,18.825
HUN,2012,17.409
HUN,2013,17.194
HUN,2014,16.991
HUN,2015,17.261
HUN,2016,17.463
IDN,1990,41.251
IDN,1991,48.783
IDN,1992,53.452
IDN,1993,57.731
IDN,1994,59.138
IDN,1995,60.859
IDN,1996,67.942
IDN,1997,74.203
IDN,1998,51.561
IDN,1999,65.893
IDN,2000,71.173
IDN,2001,78.229
IDN,2002,82.864
IDN,2003,85.205
IDN,2004,90.000
IDN,2005,91.420
IDN,2006,92.027
IDN,2007,99.663
IDN,2008,112.309
IDN,2009,121.477
IDN,2010,118.800
IDN,2011,160.901
IDN,2012,173.161
IDN,2013,140.248
IDN,2014,135.738
IDN,2015,135.570
IDN,2016,137.826
IND,1990,167.816
IND,1991,177.503
IND,1992,186.400
IND,1993,191.585
IND,1994,201.689
IND,1995,210.483
IND,1996,223.898
IND,1997,236.450
IND,1998,240.680
IND,1999,259.182
IND,2000,257.414
IND,2001,262.306
IND,2002,261.795
IND,2003,278.412
IND,2004,293.627
IND,2005,303.867
IND,2006,329.100
IND,2007,357.037
IND,2008,394.437
IND,2009,450.301
IND,2010,444.204
IND,2011,468.282
IND,2012,510.222
IND,2013,501.961
IND,2014,553.755
IND,2015,580.286
IND,2016,605.202
IRL,1990,11.187
IRL,1991,11.476
IRL,1992,11.138
IRL,1993,11.179
IRL,1994,11.382
IRL,1995,11.720
IRL,1996,13.471
IRL,1997,13.459
IRL,1998,13.549
IRL,1999,14.631
IRL,2000,14.977
IRL,2001,15.062
IRL,2002,15.259
IRL,2003,16.793
IRL,2004,17.695
IRL,2005,18.573
IRL,2006,18.367
IRL,2007,18.226
IRL,2008,16.626
IRL,2009,13.924
IRL,2010,13.127
IRL,2011,12.533
IRL,2012,12.238
IRL,2013,12.158
IRL,2014,11.894
IRL,2015,11.458
IRL,2016,11.785
IRN,1990,49.234
IRN,1991,53.029
IRN,1992,53.178
IRN,1993,54.134
IRN,1994,59.541
IRN,1995,62.573
IRN,1996,66.270
IRN,1997,67.883
IRN,1998,76.680
IRN,1999,78.778
IRN,2000,77.638
IRN,2001,86.711
IRN,2002,90.852
IRN,2003,108.809
IRN,2004,115.399
IRN,2005,121.230
IRN,2006,130.007
IRN,2007,138.957
IRN,2008,141.407
IRN,2009,141.124
IRN,2010,149.871
IRN,2011,153.680
IRN,2012,158.123
IRN,2013,160.587
IRN,2014,167.456
IRN,2015,161.522
IRN,2016,156.427
ISR,1990,13.200
ISR,1991,13.642
ISR,1992,14.882
ISR,1993,15.563
ISR,1994,16.580
ISR,1995,17.631
ISR,1996,18.363
ISR,1997,19.054
ISR,1998,19.747
ISR,1999,17.677
ISR,2000,18.192
ISR,2001,19.264
ISR,2002,18.634
ISR,2003,21.256
ISR,2004,20.402
ISR,2005,20.106
ISR,2006,21.342
ISR,2007,21.537
ISR,2008,22.473
ISR,2009,21.210
ISR,2010,22.738
ISR,2011,22.866
ISR,2012,24.847
ISR,2013,22.842
ISR,2014,22.531
ISR,2015,22.914
ISR,2016,22.675
ITA,1990,151.750
ITA,1991,156.515
ITA,1992,149.908
ITA,1993,147.111
ITA,1994,146.792
ITA,1995,155.222
ITA,1996,146.637
ITA,1997,149.374
ITA,1998,152.594
ITA,1999,154.525
ITA,2000,158.096
ITA,2001,157.345
ITA,2002,160.151
ITA,2003,160.109
ITA,2004,165.999
ITA,2005,164.757
ITA,2006,169.973
ITA,2007,167.890
ITA,2008,166.206
ITA,2009,150.022
ITA,2010,156.036
ITA,2011,154.634
ITA,2012,139.726
ITA,2013,131.525
ITA,2014,128.126
ITA,2015,125.992
ITA,2016,124.599
JAM,1990,1.889
JAM,1991,1.916
JAM,1992,1.826
JAM,1993,2.043
JAM,1994,1.997
JAM,1995,2.289
JAM,1996,2.015
JAM,1997,2.204
JAM,1998,2.680
JAM,1999,2.639
JAM,2000,2.169
JAM,2001,2.799
JAM,2002,2.356
JAM,2003,2.734
JAM,2004,2.688
JAM,2005,2.879
JAM,2006,3.171
JAM,2007,2.804
JAM,2008,2.870
JAM,2009,2.142
JAM,2010,2.070
JAM,2011,2.337
JAM,2012,2.385
JAM,2013,2.403
JAM,2014,2.282
JAM,2015,0.902
JAM,2016,0.869
JOR,1990,4.635
JOR,1991,4.248
JOR,1992,4.483
JOR,1993,4.507
JOR,1994,4.986
JOR,1995,5.120
JOR,1996,4.305
JOR,1997,5.028
JOR,1998,5.192
JOR,1999,4.825
JOR,2000,4.713
JOR,2001,5.605
JOR,2002,6.025
JOR,2003,6.094
JOR,2004,6.721
JOR,2005,7.355
JOR,2006,7.104
JOR,2007,7.207
JOR,2008,8.020
JOR,2009,8.666
JOR,2010,7.659
JOR,2011,7.784
JOR,2012,7.818
JOR,2013,9.339
JOR,2014,9.679
JOR,2015,9.125
JOR,2016,8.781
JPN,1990,357.242
JPN,1991,369.094
JPN,1992,371.031
JPN,1993,375.850
JPN,1994,396.251
JPN,1995,407.267
JPN,1996,408.867
JPN,1997,404.712
JPN,1998,380.968
JPN,1999,398.229
JPN,2000,412.749
JPN,2001,404.102
JPN,2002,407.007
JPN,2003,410.451
JPN,2004,408.348
JPN,2005,409.960
JPN,2006,404.249
JPN,2007,411.070
JPN,2008,399.595
JPN,2009,371.114
JPN,2010,386.996
JPN,2011,409.239
JPN,2012,421.074
JPN,2013,418.059
JPN,2014,405.273
JPN,2015,390.935
JPN,2016,385.446
KAZ,1990,47.674
KAZ,1991,45.519
KAZ,1992,43.464
KAZ,1993,33.265
KAZ,1994,28.894
KAZ,1995,22.860
KAZ,1996,18.893
KAZ,1997,17.063
KAZ,1998,17.584
KAZ,1999,20.196
KAZ,2000,23.398
KAZ,2001,24.799
KAZ,2002,26.690
KAZ,2003,28.606
KAZ,2004,30.304
KAZ,2005,35.890
KAZ,2006,44.221
KAZ,2007,47.284
KAZ,2008,47.321
KAZ,2009,41.332
KAZ,2010,40.882
KAZ,2011,42.441
KAZ,2012,48.970
KAZ,2013,52.830
KAZ,2014,57.078
KAZ,2015,59.445
KAZ,2016,63.427
KEN,1990,2.158
KEN,1991,2.006
KEN,1992,2.179
KEN,1993,2.399
KEN,1994,2.583
KEN,1995,2.889
KEN,1996,2.599
KEN,1997,2.613
KEN,1998,3.713
KEN,1999,3.266
KEN,2000,2.815
KEN,2001,2.933
KEN,2002,2.054
KEN,2003,2.642
KEN,2004,2.980
KEN,2005,3.389
KEN,2006,3.845
KEN,2007,3.965
KEN,2008,4.146
KEN,2009,5.148
KEN,2010,4.935
KEN,2011,5.428
KEN,2012,5.405
KEN,2013,6.292
KEN,2014,6.575
KEN,2015,3.956
KEN,2016,3.947
KGZ,1990,3.799
KGZ,1991,4.021
KGZ,1992,4.025
KGZ,1993,3.152
KGZ,1994,2.608
KGZ,1995,2.708
KGZ,1996,2.284
KGZ,1997,1.407
KGZ,1998,2.806
KGZ,1999,1.505
KGZ,2000,1.285
KGZ,2001,1.080
KGZ,2002,1.260
KGZ,2003,1.585
KGZ,2004,1.758
KGZ,2005,2.066
KGZ,2006,2.694
KGZ,2007,1.999
KGZ,2008,2.144
KGZ,2009,3.553
KGZ,2010,3.269
KGZ,2011,3.567
KGZ,2012,4.412
KGZ,2013,4.480
KGZ,2014,4.518
KGZ,2015,2.633
KGZ,2016,2.588
KHM,1990,0.490
KHM,1991,0.508
KHM,1992,0.535
KHM,1993,0.560
KHM,1994,0.600
KHM,1995,0.600
KHM,1996,0.654
KHM,1997,0.644
KHM,1998,0.781
KHM,1999,0.731
KHM,2000,0.753
KHM,2001,0.922
KHM,2002,0.732
KHM,2003,1.269
KHM,2004,1.316
KHM,2005,1.627
KHM,2006,1.821
KHM,2007,1.999
KHM,2008,2.203
KHM,2009,2.268
KHM,2010,2.751
KHM,2011,2.990
KHM,2012,2.999
KHM,2013,3.621
KHM,2014,3.926
KHM,2015,4.001
KHM,2016,4.106
KOR,1990,87.087
KOR,1991,94.477
KOR,1992,98.529
KOR,1993,109.236
KOR,1994,116.242
KOR,1995,124.956
KOR,1996,135.123
KOR,1997,139.816
KOR,1998,104.875
KOR,1999,122.714
KOR,2000,137.452
KOR,2001,133.306
KOR,2002,141.800
KOR,2003,140.000
KOR,2004,143.190
KOR,2005,143.842
KOR,2006,149.986
KOR,2007,155.728
KOR,2008,164.169
KOR,2009,151.893
KOR,2010,169.771
KOR,2011,175.239
KOR,2012,170.981
KOR,2013,172.032
KOR,2014,173.270
KOR,2015,172.742
KOR,2016,173.244
KP Annex B,1990,4132.466
KP Annex B,1991,4034.000
KP Annex B,1992,3922.327
KP Annex B,1993,3892.963
KP Annex B,1994,3856.308
KP Annex B,1995,3890.456
KP Annex B,1996,3964.487
KP Annex B,1997,3941.815
KP Annex B,1998,3963.334
KP Annex B,1999,4026.391
KP Annex B,2000,4117.216
KP Annex B,2001,4110.084
KP Annex B,2002,4155.060
KP Annex B,2003,4203.607
KP Annex B,2004,4292.048
KP Annex B,2005,4316.586
KP Annex B,2006,4368.029
KP Annex B,2007,4403.640
KP Annex B,2008,4297.236
KP Annex B,2009,3976.750
KP Annex B,2010,4125.563
KP Annex B,2011,4139.109
KP Annex B,2012,4051.015
KP Annex B,2013,4028.963
KP Annex B,2014,3983.599
KP Annex B,2015,3884.602
KP Annex B,2016,3838.217
KWT,1990,12.539
KWT,1991,4.931
KWT,1992,6.742
KWT,1993,9.075
KWT,1994,10.193
KWT,1995,13.113
KWT,1996,11.048
KWT,1997,12.056
KWT,1998,13.918
KWT,1999,10.831
KWT,2000,6.810
KWT,2001,8.394
KWT,2002,8.999
KWT,2003,12.847
KWT,2004,13.697
KWT,2005,15.607
KWT,2006,17.053
KWT,2007,18.760
KWT,2008,20.502
KWT,2009,19.351
KWT,2010,20.631
KWT,2011,20.749
KWT,2012,21.952
KWT,2013,23.501
KWT,2014,23.122
KWT,2015,24.595
KWT,2016,25.129
LAO,1990,0.143
LAO,1991,0.160
LAO,1992,0.173
LAO,1993,0.187
LAO,1994,0.207
LAO,1995,0.246
LAO,1996,0.266
LAO,1997,0.275
LAO,1998,0.305
LAO,1999,0.333
LAO,2000,0.484
LAO,2001,0.382
LAO,2002,0.472
LAO,2003,0.425
LAO,2004,0.486
LAO,2005,0.481
LAO,2006,0.606
LAO,2007,0.568
LAO,2008,0.657
LAO,2009,0.787
LAO,2010,0.921
LAO,2011,1.133
LAO,2012,1.299
LAO,2013,1.642
LAO,2014,1.772
LAO,2015,1.775
LAO,2016,1.810
LKA,1990,1.672
LKA,1991,1.811
LKA,1992,2.085
LKA,1993,2.138
LKA,1994,2.325
LKA,1995,2.526
LKA,1996,2.868
LKA,1997,2.840
LKA,1998,3.112
LKA,1999,3.832
LKA,2000,4.120
LKA,2001,4.392
LKA,2002,4.853
LKA,2003,4.690
LKA,2004,4.984
LKA,2005,5.219
LKA,2006,5.049
LKA,2007,5.037
LKA,2008,5.487
LKA,2009,5.518
LKA,2010,5.787
LKA,2011,7.104
LKA,2012,7.541
LKA,2013,7.478
LKA,2014,8.286
LKA,2015,8.698
LKA,2016,9.023
LTU,1990,11.647
LTU,1991,14.121
LTU,1992,9.505
LTU,1993,6.765
LTU,1994,7.181
LTU,1995,7.342
LTU,1996,6.466
LTU,1997,6.091
LTU,1998,5.756
LTU,1999,5.017
LTU,2000,4.569
LTU,2001,4.672
LTU,2002,5.708
LTU,2003,5.524
LTU,2004,5.574
LTU,2005,5.718
LTU,2006,6.451
LTU,2007,6.825
LTU,2008,6.539
LTU,2009,5.681
LTU,2010,5.727
LTU,2011,6.511
LTU,2012,6.127
LTU,2013,6.076
LTU,2014,6.014
LTU,2015,6.144
LTU,2016,6.255
LUX,1990,3.224
LUX,1991,3.391
LUX,1992,3.324
LUX,1993,3.363
LUX,1994,3.141
LUX,1995,2.489
LUX,1996,2.501
LUX,1997,2.325
LUX,1998,2.085
LUX,1999,2.170
LUX,2000,1.959
LUX,2001,2.108
LUX,2002,2.295
LUX,2003,2.810
LUX,2004,3.418
LUX,2005,3.752
LUX,2006,4.528
LUX,2007,2.973
LUX,2008,6.641
LUX,2009,6.954
LUX,2010,6.708
LUX,2011,2.830
LUX,2012,6.458
LUX,2013,6.430
LUX,2014,6.235
LUX,2015,6.419
LUX,2016,6.474
LVA,1990,6.236
LVA,1991,6.152
LVA,1992,4.435
LVA,1993,3.930
LVA,1994,3.642
LVA,1995,3.348
LVA,1996,3.827
LVA,1997,3.855
LVA,1998,3.687
LVA,1999,3.076
LVA,2000,3.013
LVA,2001,3.116
LVA,2002,3.016
LVA,2003,3.886
LVA,2004,3.854
LVA,2005,3.443
LVA,2006,3.972
LVA,2007,4.379
LVA,2008,4.185
LVA,2009,3.600
LVA,2010,3.593
LVA,2011,3.488
LVA,2012,3.613
LVA,2013,3.524
LVA,2014,3.435
LVA,2015,3.434
LVA,2016,3.479
MAR,1990,8.915
MAR,1991,9.565
MAR,1992,9.240
MAR,1993,9.796
MAR,1994,10.304
MAR,1995,10.630
MAR,1996,9.729
MAR,1997,9.425
MAR,1998,10.215
MAR,1999,10.895
MAR,2000,11.169
MAR,2001,11.969
MAR,2002,13.069
MAR,2003,11.505
MAR,2004,13.019
MAR,2005,13.766
MAR,2006,14.405
MAR,2007,15.122
MAR,2008,16.709
MAR,2009,15.906
MAR,2010,16.724
MAR,2011,17.504
MAR,2012,18.416
MAR,2013,17.565
MAR,2014,17.638
MAR,2015,17.663
MAR,2016,17.610
MDG,1990,0.381
MDG,1991,0.408
MDG,1992,0.404
MDG,1993,0.425
MDG,1994,0.494
MDG,1995,0.505
MDG,1996,0.441
MDG,1997,0.522
MDG,1998,0.661
MDG,1999,0.768
MDG,2000,0.640
MDG,2001,0.646
MDG,2002,0.458
MDG,2003,0.820
MDG,2004,0.713
MDG,2005,0.893
MDG,2006,0.750
MDG,2007,0.833
MDG,2008,1.035
MDG,2009,1.016
MDG,2010,0.936
MDG,2011,1.002
MDG,2012,1.148
MDG,2013,1.286
MDG,2014,1.285
MDG,2015,0.593
MDG,2016,0.588
MEX,1990,86.339
MEX,1991,90.187
MEX,1992,91.278
MEX,1993,92.154
MEX,1994,95.872
MEX,1995,88.783
MEX,1996,93.764
MEX,1997,103.192
MEX,1998,110.320
MEX,1999,110.500
MEX,2000,115.698
MEX,2001,117.903
MEX,2002,119.283
MEX,2003,127.490
MEX,2004,125.839
MEX,2005,135.569
MEX,2006,139.731
MEX,2007,134.796
MEX,2008,139.109
MEX,2009,136.254
MEX,2010,134.840
MEX,2011,137.850
MEX,2012,146.798
MEX,2013,146.741
MEX,2014,144.379
MEX,2015,139.533
MEX,2016,143.665
MLT,1990,0.731
MLT,1991,0.792
MLT,1992,0.813
MLT,1993,0.834
MLT,1994,0.888
MLT,1995,0.920
MLT,1996,0.928
MLT,1997,0.889
MLT,1998,1.200
MLT,1999,1.021
MLT,2000,1.131
MLT,2001,1.241
MLT,2002,0.969
MLT,2003,1.385
MLT,2004,0.864
MLT,2005,1.179
MLT,2006,1.349
MLT,2007,0.938
MLT,2008,1.444
MLT,2009,1.468
MLT,2010,1.354
MLT,2011,1.546
MLT,2012,1.842
MLT,2013,1.414
MLT,2014,1.432
MLT,2015,1.334
MLT,2016,1.300
MNG,1990,2.492
MNG,1991,3.043
MNG,1992,2.478
MNG,1993,1.989
MNG,1994,1.792
MNG,1995,1.869
MNG,1996,2.141
MNG,1997,1.883
MNG,1998,1.872
MNG,1999,1.840
MNG,2000,1.882
MNG,2001,1.915
MNG,2002,2.015
MNG,2003,2.242
MNG,2004,2.299
MNG,2005,2.366
MNG,2006,2.725
MNG,2007,3.352
MNG,2008,3.531
MNG,2009,3.691
MNG,2010,4.002
MNG,2011,6.430
MNG,2012,7.600
MNG,2013,10.285
MNG,2014,5.822
MNG,2015,5.679
MNG,2016,7.181
MOZ,1990,0.929
MOZ,1991,0.941
MOZ,1992,0.925
MOZ,1993,1.031
MOZ,1994,1.052
MOZ,1995,1.151
MOZ,1996,0.723
MOZ,1997,0.546
MOZ,1998,0.940
MOZ,1999,1.267
MOZ,2000,1.343
MOZ,2001,1.226
MOZ,2002,1.244
MOZ,2003,1.278
MOZ,2004,1.241
MOZ,2005,1.412
MOZ,2006,1.749
MOZ,2007,2.001
MOZ,2008,2.205
MOZ,2009,2.638
MOZ,2010,2.472
MOZ,2011,2.786
MOZ,2012,2.979
MOZ,2013,3.639
MOZ,2014,4.777
MOZ,2015,2.885
MOZ,2016,2.911
MUS,1990,0.755
MUS,1991,0.792
MUS,1992,0.836
MUS,1993,0.901
MUS,1994,0.902
MUS,1995,1.003
MUS,1996,1.127
MUS,1997,1.138
MUS,1998,1.089
MUS,1999,1.161
MUS,2000,1.258
MUS,2001,1.197
MUS,2002,1.245
MUS,2003,1.329
MUS,2004,1.376
MUS,2005,1.282
MUS,2006,1.398
MUS,2007,1.350
MUS,2008,1.423
MUS,2009,1.399
MUS,2010,1.369
MUS,2011,1.490
MUS,2012,1.440
MUS,2013,1.466
MUS,2014,1.485
MUS,2015,0.757
MUS,2016,0.751
MWI,1990,0.430
MWI,1991,0.450
MWI,1992,0.450
MWI,1993,0.508
MWI,1994,0.527
MWI,1995,0.558
MWI,1996,0.612
MWI,1997,0.639
MWI,1998,0.627
MWI,1999,0.630
MWI,2000,0.568
MWI,2001,0.541
MWI,2002,0.615
MWI,2003,0.593
MWI,2004,0.558
MWI,2005,0.577
MWI,2006,0.556
MWI,2007,0.536
MWI,2008,0.660
MWI,2009,0.735
MWI,2010,0.803
MWI,2011,0.717
MWI,2012,0.600
MWI,2013,0.859
MWI,2014,0.887
MWI,2015,0.549
MWI,2016,0.548
MYS,1990,17.484
MYS,1991,20.087
MYS,1992,21.005
MYS,1993,24.141
MYS,1994,24.697
MYS,1995,28.827
MYS,1996,30.090
MYS,1997,32.390
MYS,1998,24.280
MYS,1999,26.913
MYS,2000,30.942
MYS,2001,32.578
MYS,2002,35.130
MYS,2003,37.796
MYS,2004,39.302
MYS,2005,41.345
MYS,2006,41.397
MYS,2007,44.147
MYS,2008,49.533
MYS,2009,48.032
MYS,2010,53.440
MYS,2011,55.747
MYS,2012,59.539
MYS,2013,66.425
MYS,2014,68.257
MYS,2015,68.938
MYS,2016,70.383
Middle East,1990,225.921
Middle East,1991,248.623
Middle East,1992,259.080
Middle East,1993,276.410
Middle East,1994,286.340
Middle East,1995,283.848
Middle East,1996,280.419
Middle East,1997,279.850
Middle East,1998,306.606
Middle East,1999,267.828
Middle East,2000,288.576
Middle East,2001,299.551
Middle East,2002,310.771
Middle East,2003,384.855
Middle East,2004,424.655
Middle East,2005,450.537
Middle East,2006,485.840
Middle East,2007,510.926
Middle East,2008,549.820
Middle East,2009,552.616
Middle East,2010,586.642
Middle East,2011,601.662
Middle East,2012,629.265
Middle East,2013,642.285
Middle East,2014,678.661
Middle East,2015,690.729
Middle East,2016,697.652
NAM,1990,0.000
NAM,1991,0.288
NAM,1992,0.314
NAM,1993,0.379
NAM,1994,0.432
NAM,1995,0.445
NAM,1996,0.477
NAM,1997,0.490
NAM,1998,0.520
NAM,1999,0.454
NAM,2000,1.620
NAM,2001,1.766
NAM,2002,0.401
NAM,2003,1.311
NAM,2004,1.710
NAM,2005,1.650
NAM,2006,1.610
NAM,2007,1.840
NAM,2008,2.092
NAM,2009,1.233
NAM,2010,1.173
NAM,2011,1.113
NAM,2012,1.464
NAM,2013,2.191
NAM,2014,2.555
NAM,2015,1.750
NAM,2016,1.769
NGA,1990,9.032
NGA,1991,10.028
NGA,1992,11.635
NGA,1993,11.325
NGA,1994,9.374
NGA,1995,9.756
NGA,1996,10.921
NGA,1997,12.934
NGA,1998,11.377
NGA,1999,9.217
NGA,2000,15.331
NGA,2001,21.182
NGA,2002,21.705
NGA,2003,24.453
NGA,2004,24.838
NGA,2005,25.088
NGA,2006,17.140
NGA,2007,23.591
NGA,2008,22.736
NGA,2009,22.992
NGA,2010,21.956
NGA,2011,22.186
NGA,2012,21.631
NGA,2013,26.302
NGA,2014,24.592
NGA,2015,13.676
NGA,2016,14.859
NIC,1990,0.794
NIC,1991,0.695
NIC,1992,0.795
NIC,1993,0.775
NIC,1994,0.845
NIC,1995,0.906
NIC,1996,0.916
NIC,1997,1.033
NIC,1998,1.139
NIC,1999,1.206
NIC,2000,1.235
NIC,2001,1.315
NIC,2002,1.369
NIC,2003,1.529
NIC,2004,1.490
NIC,2005,1.518
NIC,2006,1.556
NIC,2007,1.637
NIC,2008,1.516
NIC,2009,1.577
NIC,2010,1.619
NIC,2011,1.721
NIC,2012,1.783
NIC,2013,1.637
NIC,2014,1.726
NIC,2015,0.623
NIC,2016,0.618
NLD,1990,56.979
NLD,1991,60.135
NLD,1992,58.433
NLD,1993,58.908
NLD,1994,59.262
NLD,1995,61.052
NLD,1996,60.412
NLD,1997,58.673
NLD,1998,60.620
NLD,1999,53.592
NLD,2000,53.838
NLD,2001,52.932
NLD,2002,54.509
NLD,2003,52.448
NLD,2004,52.591
NLD,2005,52.701
NLD,2006,58.029
NLD,2007,48.301
NLD,2008,49.296
NLD,2009,48.337
NLD,2010,49.920
NLD,2011,46.363
NLD,2012,44.996
NLD,2013,44.122
NLD,2014,42.938
NLD,2015,42.195
NLD,2016,41.558
NOR,1990,10.265
NOR,1991,10.693
NOR,1992,10.288
NOR,1993,10.755
NOR,1994,11.241
NOR,1995,11.595
NOR,1996,12.361
NOR,1997,12.491
NOR,1998,12.920
NOR,1999,9.089
NOR,2000,8.640
NOR,2001,8.419
NOR,2002,9.319
NOR,2003,10.824
NOR,2004,11.036
NOR,2005,12.045
NOR,2006,13.362
NOR,2007,14.688
NOR,2008,14.420
NOR,2009,13.333
NOR,2010,13.989
NOR,2011,14.307
NOR,2012,14.068
NOR,2013,13.661
NOR,2014,13.511
NOR,2015,13.218
NOR,2016,13.309
NPL,1990,0.291
NPL,1991,0.392
NPL,1992,0.487
NPL,1993,0.536
NPL,1994,0.611
NPL,1995,0.710
NPL,1996,0.827
NPL,1997,0.873
NPL,1998,1.172
NPL,1999,1.770
NPL,2000,1.085
NPL,2001,1.124
NPL,2002,1.066
NPL,2003,1.402
NPL,2004,1.193
NPL,2005,1.271
NPL,2006,1.178
NPL,2007,1.281
NPL,2008,1.513
NPL,2009,2.145
NPL,2010,2.681
NPL,2011,2.872
NPL,2012,2.904
NPL,2013,3.583
NPL,2014,3.988
NPL,2015,3.954
NPL,2016,4.231
NZL,1990,7.342
NZL,1991,7.443
NZL,1992,7.904
NZL,1993,7.964
NZL,1994,8.099
NZL,1995,8.396
NZL,1996,8.840
NZL,1997,9.327
NZL,1998,8.646
NZL,1999,9.885
NZL,2000,9.704
NZL,2001,10.045
NZL,2002,10.291
NZL,2003,10.545
NZL,2004,10.937
NZL,2005,11.363
NZL,2006,10.802
NZL,2007,11.020
NZL,2008,11.420
NZL,2009,9.963
NZL,2010,10.140
NZL,2011,10.516
NZL,2012,10.775
NZL,2013,10.802
NZL,2014,10.967
NZL,2015,10.880
NZL,2016,10.716
Non KP Annex B,1990,1939.618
Non KP Annex B,1991,2037.965
Non KP Annex B,1992,2086.409
Non KP Annex B,1993,2181.375
Non KP Annex B,1994,2256.378
Non KP Annex B,1995,2353.789
Non KP Annex B,1996,2458.522
Non KP Annex B,1997,2505.476
Non KP Annex B,1998,2453.361
Non KP Annex B,1999,2469.273
Non KP Annex B,2000,2563.380
Non KP Annex B,2001,2635.649
Non KP Annex B,2002,2740.696
Non KP Annex B,2003,3034.479
Non KP Annex B,2004,3282.170
Non KP Annex B,2005,3515.201
Non KP Annex B,2006,3727.565
Non KP Annex B,2007,3931.407
Non KP Annex B,2008,4231.068
Non KP Annex B,2009,4457.677
Non KP Annex B,2010,4741.877
Non KP Annex B,2011,5065.805
Non KP Annex B,2012,5311.225
Non KP Annex B,2013,5382.667
Non KP Annex B,2014,5511.062
Non KP Annex B,2015,5423.067
Non KP Annex B,2016,5497.424
Non-OECD,1990,2548.689
Non-OECD,1991,2503.704
Non-OECD,1992,2470.436
Non-OECD,1993,2493.565
Non-OECD,1994,2462.565
Non-OECD,1995,2523.973
Non-OECD,1996,2626.397
Non-OECD,1997,2614.082
Non-OECD,1998,2557.702
Non-OECD,1999,2578.589
Non-OECD,2000,2643.608
Non-OECD,2001,2753.335
Non-OECD,2002,2835.782
Non-OECD,2003,3125.354
Non-OECD,2004,3361.508
Non-OECD,2005,3595.644
Non-OECD,2006,3803.045
Non-OECD,2007,4011.939
Non-OECD,2008,4310.942
Non-OECD,2009,4504.982
Non-OECD,2010,4787.487
Non-OECD,2011,5126.276
Non-OECD,2012,5371.988
Non-OECD,2013,5421.398
Non-OECD,2014,5541.677
Non-OECD,2015,5436.949
Non-OECD,2016,5497.018
North America,1990,1607.715
North America,1991,1600.404
North America,1992,1624.151
North America,1993,1659.591
North America,1994,1694.816
North America,1995,1708.544
North America,1996,1762.143
North America,1997,1806.248
North America,1998,1857.714
North America,1999,1912.786
North America,2000,1984.306
North America,2001,1957.839
North America,2002,1993.836
North America,2003,2016.232
North America,2004,2066.000
North America,2005,2086.628
North America,2006,2088.353
North America,2007,2100.978
North America,2008,2029.126
North America,2009,1883.342
North America,2010,1949.186
North America,2011,1932.657
North America,2012,1892.966
North America,2013,1927.556
North America,2014,1938.630
North America,2015,1887.176
North America,2016,1861.171
OECD,1990,3522.680
OECD,1991,3567.504
OECD,1992,3537.535
OECD,1993,3579.977
OECD,1994,3649.336
OECD,1995,3719.436
OECD,1996,3795.724
OECD,1997,3832.397
OECD,1998,3857.955
OECD,1999,3916.218
OECD,2000,4036.064
OECD,2001,3991.434
OECD,2002,4059.147
OECD,2003,4111.788
OECD,2004,4211.711
OECD,2005,4235.039
OECD,2006,4291.326
OECD,2007,4321.945
OECD,2008,4216.244
OECD,2009,3928.544
OECD,2010,4078.968
OECD,2011,4077.704
OECD,2012,3989.318
OECD,2013,3989.427
OECD,2014,3952.180
OECD,2015,3869.936
OECD,2016,3837.858
OMN,1990,3.118
OMN,1991,3.285
OMN,1992,3.358
OMN,1993,3.780
OMN,1994,4.199
OMN,1995,4.310
OMN,1996,4.021
OMN,1997,4.076
OMN,1998,4.586
OMN,1999,4.050
OMN,2000,4.509
OMN,2001,4.346
OMN,2002,5.219
OMN,2003,6.770
OMN,2004,5.797
OMN,2005,5.891
OMN,2006,9.274
OMN,2007,10.409
OMN,2008,10.997
OMN,2009,11.073
OMN,2010,10.976
OMN,2011,11.906
OMN,2012,15.035
OMN,2013,15.476
OMN,2014,16.061
OMN,2015,17.793
OMN,2016,18.647
Oceania,1990,73.073
Oceania,1991,72.734
Oceania,1992,74.050
Oceania,1993,74.324
Oceania,1994,76.443
Oceania,1995,78.437
Oceania,1996,80.005
Oceania,1997,82.875
Oceania,1998,86.145
Oceania,1999,86.823
Oceania,2000,86.506
Oceania,2001,88.180
Oceania,2002,92.901
Oceania,2003,95.636
Oceania,2004,100.976
Oceania,2005,103.523
Oceania,2006,108.434
Oceania,2007,112.224
Oceania,2008,116.495
Oceania,2009,117.868
Oceania,2010,119.954
Oceania,2011,123.177
Oceania,2012,125.820
Oceania,2013,120.958
Oceania,2014,119.439
Oceania,2015,118.464
Oceania,2016,118.671
PAK,1990,20.136
PAK,1991,19.751
PAK,1992,20.861
PAK,1993,22.429
PAK,1994,24.357
PAK,1995,24.657
PAK,1996,27.791
PAK,1997,27.372
PAK,1998,27.697
PAK,1999,30.594
PAK,2000,31.955
PAK,2001,31.907
PAK,2002,34.164
PAK,2003,33.981
PAK,2004,38.136
PAK,2005,41.040
PAK,2006,42.998
PAK,2007,45.472
PAK,2008,45.783
PAK,2009,45.939
PAK,2010,46.035
PAK,2011,46.489
PAK,2012,47.908
PAK,2013,48.007
PAK,2014,48.979
PAK,2015,51.454
PAK,2016,55.665
PAN,1990,0.705
PAN,1991,0.711
PAN,1992,0.913
PAN,1993,0.966
PAN,1994,1.066
PAN,1995,0.891
PAN,1996,1.214
PAN,1997,1.455
PAN,1998,1.633
PAN,1999,1.753
PAN,2000,1.624
PAN,2001,1.741
PAN,2002,1.728
PAN,2003,0.506
PAN,2004,0.523
PAN,2005,0.263
PAN,2006,0.237
PAN,2007,0.350
PAN,2008,1.611
PAN,2009,4.378
PAN,2010,6.295
PAN,2011,4.319
PAN,2012,6.893
PAN,2013,5.996
PAN,2014,6.017
PAN,2015,5.323
PAN,2016,5.200
PER,1990,6.193
PER,1991,6.015
PER,1992,6.011
PER,1993,6.879
PER,1994,6.901
PER,1995,7.225
PER,1996,7.218
PER,1997,8.238
PER,1998,8.442
PER,1999,9.053
PER,2000,9.194
PER,2001,8.240
PER,2002,8.604
PER,2003,7.553
PER,2004,8.465
PER,2005,9.622
PER,2006,9.737
PER,2007,11.546
PER,2008,12.783
PER,2009,14.006
PER,2010,16.694
PER,2011,15.496
PER,2012,17.379
PER,2013,18.288
PER,2014,19.593
PER,2015,19.728
PER,2016,20.074
PHL,1990,15.897
PHL,1991,17.215
PHL,1992,17.693
PHL,1993,18.165
PHL,1994,19.574
PHL,1995,21.161
PHL,1996,21.452
PHL,1997,24.121
PHL,1998,22.673
PHL,1999,23.759
PHL,2000,25.480
PHL,2001,24.854
PHL,2002,24.185
PHL,2003,25.656
PHL,2004,25.166
PHL,2005,25.917
PHL,2006,23.722
PHL,2007,25.013
PHL,2008,27.148
PHL,2009,26.290
PHL,2010,28.839
PHL,2011,29.535
PHL,2012,31.610
PHL,2013,34.714
PHL,2014,36.385
PHL,2015,38.061
PHL,2016,39.037
POL,1990,98.557
POL,1991,99.367
POL,1992,92.466
POL,1993,92.373
POL,1994,89.925
POL,1995,88.449
POL,1996,88.992
POL,1997,87.222
POL,1998,79.834
POL,1999,81.909
POL,2000,77.618
POL,2001,76.643
POL,2002,75.303
POL,2003,76.235
POL,2004,78.573
POL,2005,77.521
POL,2006,82.126
POL,2007,85.034
POL,2008,84.681
POL,2009,82.952
POL,2010,87.189
POL,2011,88.083
POL,2012,86.311
POL,2013,83.738
POL,2014,80.771
POL,2015,80.357
POL,2016,81.446
PRT,1990,14.648
PRT,1991,15.369
PRT,1992,16.249
PRT,1993,16.160
PRT,1994,16.587
PRT,1995,17.742
PRT,1996,16.963
PRT,1997,18.260
PRT,1998,19.656
PRT,1999,20.848
PRT,2000,21.884
PRT,2001,21.453
PRT,2002,22.351
PRT,2003,21.442
PRT,2004,22.542
PRT,2005,23.568
PRT,2006,22.082
PRT,2007,20.730
PRT,2008,20.279
PRT,2009,18.473
PRT,2010,17.885
PRT,2011,17.106
PRT,2012,15.715
PRT,2013,15.206
PRT,2014,15.169
PRT,2015,15.448
PRT,2016,14.957
PRY,1990,0.970
PRY,1991,0.973
PRY,1992,1.093
PRY,1993,1.153
PRY,1994,1.313
PRY,1995,1.461
PRY,1996,1.395
PRY,1997,1.581
PRY,1998,1.592
PRY,1999,1.578
PRY,2000,1.388
PRY,2001,1.403
PRY,2002,1.215
PRY,2003,1.310
PRY,2004,1.381
PRY,2005,1.376
PRY,2006,1.505
PRY,2007,1.599
PRY,2008,1.992
PRY,2009,1.912
PRY,2010,2.294
PRY,2011,2.271
PRY,2012,2.389
PRY,2013,2.485
PRY,2014,2.574
PRY,2015,1.457
PRY,2016,1.438
QAT,1990,2.805
QAT,1991,4.022
QAT,1992,5.620
QAT,1993,6.494
QAT,1994,6.418
QAT,1995,6.897
QAT,1996,7.066
QAT,1997,7.678
QAT,1998,6.666
QAT,1999,3.467
QAT,2000,4.138
QAT,2001,5.210
QAT,2002,5.574
QAT,2003,6.801
QAT,2004,6.279
QAT,2005,8.073
QAT,2006,9.291
QAT,2007,10.248
QAT,2008,12.292
QAT,2009,14.035
QAT,2010,14.745
QAT,2011,15.033
QAT,2012,17.927
QAT,2013,16.822
QAT,2014,20.906
QAT,2015,23.433
QAT,2016,23.268
ROU,1990,45.265
ROU,1991,38.833
ROU,1992,34.594
ROU,1993,32.007
ROU,1994,30.926
ROU,1995,31.758
ROU,1996,31.282
ROU,1997,28.177
ROU,1998,25.203
ROU,1999,22.462
ROU,2000,23.711
ROU,2001,25.163
ROU,2002,25.156
ROU,2003,26.297
ROU,2004,26.988
ROU,2005,27.218
ROU,2006,30.248
ROU,2007,29.747
ROU,2008,31.000
ROU,2009,24.835
ROU,2010,24.615
ROU,2011,25.436
ROU,2012,24.075
ROU,2013,21.075
ROU,2014,20.920
ROU,2015,20.854
ROU,2016,20.216
RUS,1990,673.177
RUS,1991,558.237
RUS,1992,473.066
RUS,1993,439.476
RUS,1994,373.196
RUS,1995,358.003
RUS,1996,365.315
RUS,1997,334.602
RUS,1998,317.098
RUS,1999,332.230
RUS,2000,336.275
RUS,2001,347.821
RUS,2002,340.234
RUS,2003,351.192
RUS,2004,350.762
RUS,2005,360.689
RUS,2006,365.775
RUS,2007,377.194
RUS,2008,388.873
RUS,2009,351.510
RUS,2010,374.271
RUS,2011,396.981
RUS,2012,409.448
RUS,2013,393.097
RUS,2014,392.668
RUS,2015,382.330
RUS,2016,376.824
RWA,1990,0.148
RWA,1991,0.133
RWA,1992,0.133
RWA,1993,0.135
RWA,1994,0.129
RWA,1995,0.126
RWA,1996,0.131
RWA,1997,0.136
RWA,1998,0.133
RWA,1999,0.139
RWA,2000,0.144
RWA,2001,0.145
RWA,2002,0.145
RWA,2003,0.142
RWA,2004,0.144
RWA,2005,0.144
RWA,2006,0.144
RWA,2007,0.152
RWA,2008,0.148
RWA,2009,0.157
RWA,2010,0.161
RWA,2011,0.181
RWA,2012,0.201
RWA,2013,0.219
RWA,2014,0.229
RWA,2015,0.019
RWA,2016,0.019
SAU,1990,40.319
SAU,1991,57.099
SAU,1992,60.241
SAU,1993,67.884
SAU,1994,66.718
SAU,1995,52.026
SAU,1996,56.876
SAU,1997,48.041
SAU,1998,50.010
SAU,1999,37.018
SAU,2000,44.430
SAU,2001,45.898
SAU,2002,54.402
SAU,2003,76.764
SAU,2004,91.028
SAU,2005,94.409
SAU,2006,107.188
SAU,2007,98.977
SAU,2008,112.043
SAU,2009,119.635
SAU,2010,133.397
SAU,2011,130.950
SAU,2012,145.661
SAU,2013,148.029
SAU,2014,163.691
SAU,2015,168.698
SAU,2016,169.893
SEN,1990,0.860
SEN,1991,0.922
SEN,1992,0.956
SEN,1993,0.991
SEN,1994,1.045
SEN,1995,0.978
SEN,1996,1.157
SEN,1997,1.094
SEN,1998,1.142
SEN,1999,1.200
SEN,2000,1.196
SEN,2001,1.377
SEN,2002,1.650
SEN,2003,1.571
SEN,2004,1.645
SEN,2005,1.872
SEN,2006,1.682
SEN,2007,1.827
SEN,2008,1.913
SEN,2009,1.594
SEN,2010,2.171
SEN,2011,2.352
SEN,2012,2.443
SEN,2013,2.508
SEN,2014,2.598
SEN,2015,1.402
SEN,2016,1.379
SGP,1990,18.495
SGP,1991,20.010
SGP,1992,21.157
SGP,1993,22.644
SGP,1994,24.631
SGP,1995,24.043
SGP,1996,27.616
SGP,1997,30.177
SGP,1998,24.445
SGP,1999,28.016
SGP,2000,32.315
SGP,2001,28.461
SGP,2002,28.629
SGP,2003,28.248
SGP,2004,28.834
SGP,2005,35.358
SGP,2006,41.464
SGP,2007,26.251
SGP,2008,30.063
SGP,2009,29.215
SGP,2010,31.559
SGP,2011,30.591
SGP,2012,32.399
SGP,2013,33.490
SGP,2014,34.052
SGP,2015,33.685
SGP,2016,33.553
SLV,1990,1.054
SLV,1991,1.241
SLV,1992,1.306
SLV,1993,1.418
SLV,1994,1.656
SLV,1995,1.799
SLV,1996,1.706
SLV,1997,2.045
SLV,1998,2.328
SLV,1999,2.184
SLV,2000,2.184
SLV,2001,2.445
SLV,2002,2.501
SLV,2003,2.553
SLV,2004,2.477
SLV,2005,2.434
SLV,2006,2.504
SLV,2007,2.536
SLV,2008,2.500
SLV,2009,2.253
SLV,2010,2.306
SLV,2011,2.447
SLV,2012,2.442
SLV,2013,2.382
SLV,2014,2.449
SLV,2015,0.994
SLV,2016,0.986
SVK,1990,20.913
SVK,1991,17.957
SVK,1992,14.094
SVK,1993,13.604
SVK,1994,12.522
SVK,1995,13.300
SVK,1996,13.835
SVK,1997,14.045
SVK,1998,13.566
SVK,1999,12.106
SVK,2000,12.032
SVK,2001,12.799
SVK,2002,12.621
SVK,2003,12.301
SVK,2004,12.324
SVK,2005,12.363
SVK,2006,13.154
SVK,2007,13.357
SVK,2008,14.208
SVK,2009,12.929
SVK,2010,13.524
SVK,2011,13.655
SVK,2012,12.737
SVK,2013,13.025
SVK,2014,12.661
SVK,2015,12.711
SVK,2016,12.761
SVN,1990,4.232
SVN,1991,4.392
SVN,1992,4.408
SVN,1993,4.540
SVN,1994,4.583
SVN,1995,4.887
SVN,1996,4.863
SVN,1997,4.986
SVN,1998,5.076
SVN,1999,4.741
SVN,2000,4.944
SVN,2001,4.974
SVN,2002,5.058
SVN,2003,5.050
SVN,2004,5.036
SVN,2005,5.191
SVN,2006,5.656
SVN,2007,5.806
SVN,2008,5.951
SVN,2009,5.438
SVN,2010,5.661
SVN,2011,6.149
SVN,2012,5.286
SVN,2013,5.214
SVN,2014,4.923
SVN,2015,4.483
SVN,2016,4.547
SWE,1990,21.397
SWE,1991,22.523
SWE,1992,22.038
SWE,1993,21.939
SWE,1994,22.744
SWE,1995,22.860
SWE,1996,24.231
SWE,1997,22.859
SWE,1998,23.267
SWE,1999,21.898
SWE,2000,22.179
SWE,2001,21.389
SWE,2002,22.019
SWE,2003,23.187
SWE,2004,23.524
SWE,2005,23.057
SWE,2006,23.549
SWE,2007,24.370
SWE,2008,23.280
SWE,2009,20.506
SWE,2010,23.313
SWE,2011,22.126
SWE,2012,20.985
SWE,2013,20.049
SWE,2014,19.607
SWE,2015,19.261
SWE,2016,19.182
South America,1990,158.096
South America,1991,162.166
South America,1992,165.158
South America,1993,172.630
South America,1994,177.302
South America,1995,186.674
South America,1996,195.977
South America,1997,210.188
South America,1998,222.090
South America,1999,198.736
South America,2000,197.450
South America,2001,197.688
South America,2002,189.513
South America,2003,202.297
South America,2004,209.794
South America,2005,224.043
South America,2006,233.902
South America,2007,247.923
South America,2008,276.538
South America,2009,268.497
South America,2010,303.080
South America,2011,314.881
South America,2012,336.974
South America,2013,348.450
South America,2014,360.992
South America,2015,344.503
South America,2016,330.250
Statistical Difference,1990,-158.706
Statistical Difference,1991,-85.073
Statistical Difference,1992,-87.511
Statistical Difference,1993,-164.821
Statistical Difference,1994,-104.510
Statistical Difference,1995,-113.343
Statistical Difference,1996,-164.139
Statistical Difference,1997,-91.506
Statistical Difference,1998,-53.954
Statistical Difference,1999,-154.410
Statistical Difference,2000,-170.721
Statistical Difference,2001,-74.005
Statistical Difference,2002,-128.465
Statistical Difference,2003,-99.350
Statistical Difference,2004,-88.847
Statistical Difference,2005,-57.962
Statistical Difference,2006,-45.090
Statistical Difference,2007,-133.363
Statistical Difference,2008,-55.905
Statistical Difference,2009,-28.302
Statistical Difference,2010,-46.946
Statistical Difference,2011,-16.461
Statistical Difference,2012,-0.484
Statistical Difference,2013,43.950
Statistical Difference,2014,42.440
Statistical Difference,2015,39.135
Statistical Difference,2016,62.114
TGO,1990,0.296
TGO,1991,0.317
TGO,1992,0.327
TGO,1993,0.349
TGO,1994,0.355
TGO,1995,0.395
TGO,1996,0.404
TGO,1997,0.395
TGO,1998,0.485
TGO,1999,0.453
TGO,2000,0.408
TGO,2001,0.445
TGO,2002,0.480
TGO,2003,0.614
TGO,2004,0.600
TGO,2005,0.736
TGO,2006,0.807
TGO,2007,1.171
TGO,2008,1.057
TGO,2009,1.197
TGO,2010,1.289
TGO,2011,1.231
TGO,2012,2.245
TGO,2013,1.984
TGO,2014,2.041
TGO,2015,1.569
TGO,2016,1.535
THA,1990,30.076
THA,1991,34.479
THA,1992,35.635
THA,1993,39.369
THA,1994,43.093
THA,1995,48.219
THA,1996,52.776
THA,1997,51.121
THA,1998,38.626
THA,1999,44.302
THA,2000,46.285
THA,2001,48.176
THA,2002,48.567
THA,2003,55.835
THA,2004,62.254
THA,2005,64.676
THA,2006,62.835
THA,2007,62.182
THA,2008,65.294
THA,2009,66.542
THA,2010,72.553
THA,2011,74.344
THA,2012,80.290
THA,2013,80.595
THA,2014,83.957
THA,2015,84.767
THA,2016,84.685
TTO,1990,3.595
TTO,1991,3.635
TTO,1992,4.011
TTO,1993,3.777
TTO,1994,3.610
TTO,1995,3.448
TTO,1996,4.301
TTO,1997,3.985
TTO,1998,4.226
TTO,1999,4.588
TTO,2000,4.311
TTO,2001,4.672
TTO,2002,5.475
TTO,2003,4.355
TTO,2004,4.372
TTO,2005,3.324
TTO,2006,1.820
TTO,2007,3.987
TTO,2008,3.727
TTO,2009,6.034
TTO,2010,6.211
TTO,2011,5.422
TTO,2012,5.618
TTO,2013,5.161
TTO,2014,5.550
TTO,2015,4.180
TTO,2016,4.878
TUN,1990,3.879
TUN,1991,4.722
TUN,1992,4.470
TUN,1993,4.811
TUN,1994,4.646
TUN,1995,4.813
TUN,1996,5.471
TUN,1997,6.079
TUN,1998,5.475
TUN,1999,5.225
TUN,2000,5.947
TUN,2001,5.548
TUN,2002,5.685
TUN,2003,5.332
TUN,2004,5.625
TUN,2005,5.489
TUN,2006,5.782
TUN,2007,5.857
TUN,2008,6.566
TUN,2009,6.408
TUN,2010,6.960
TUN,2011,6.646
TUN,2012,6.524
TUN,2013,7.037
TUN,2014,7.342
TUN,2015,3.180
TUN,2016,3.173
TUR,1990,59.470
TUR,1991,61.517
TUR,1992,57.590
TUR,1993,58.459
TUR,1994,56.935
TUR,1995,61.683
TUR,1996,59.291
TUR,1997,64.203
TUR,1998,64.128
TUR,1999,61.512
TUR,2000,69.845
TUR,2001,59.642
TUR,2002,64.832
TUR,2003,68.743
TUR,2004,75.897
TUR,2005,81.698
TUR,2006,87.551
TUR,2007,99.234
TUR,2008,97.865
TUR,2009,93.960
TUR,2010,101.300
TUR,2011,107.438
TUR,2012,108.911
TUR,2013,110.310
TUR,2014,112.313
TUR,2015,117.195
TUR,2016,123.384
TWN,1990,45.473
TWN,1991,50.646
TWN,1992,50.684
TWN,1993,54.192
TWN,1994,57.395
TWN,1995,60.701
TWN,1996,58.253
TWN,1997,64.501
TWN,1998,62.624
TWN,1999,65.053
TWN,2000,69.109
TWN,2001,64.140
TWN,2002,71.994
TWN,2003,70.023
TWN,2004,79.058
TWN,2005,75.536
TWN,2006,75.817
TWN,2007,78.885
TWN,2008,73.554
TWN,2009,68.002
TWN,2010,76.932
TWN,2011,74.843
TWN,2012,74.088
TWN,2013,73.068
TWN,2014,74.032
TWN,2015,72.679
TWN,2016,72.936
TZA,1990,0.974
TZA,1991,1.033
TZA,1992,1.016
TZA,1993,1.121
TZA,1994,1.108
TZA,1995,1.389
TZA,1996,1.264
TZA,1997,1.245
TZA,1998,1.227
TZA,1999,1.285
TZA,2000,1.369
TZA,2001,1.461
TZA,2002,1.598
TZA,2003,1.748
TZA,2004,1.927
TZA,2005,2.252
TZA,2006,2.585
TZA,2007,2.492
TZA,2008,2.882
TZA,2009,2.929
TZA,2010,3.236
TZA,2011,3.836
TZA,2012,4.415
TZA,2013,5.366
TZA,2014,5.507
TZA,2015,2.972
TZA,2016,2.965
UGA,1990,0.416
UGA,1991,0.425
UGA,1992,0.441
UGA,1993,0.487
UGA,1994,0.463
UGA,1995,0.557
UGA,1996,0.473
UGA,1997,0.527
UGA,1998,0.751
UGA,1999,0.776
UGA,2000,0.653
UGA,2001,0.799
UGA,2002,0.705
UGA,2003,0.821
UGA,2004,0.862
UGA,2005,0.989
UGA,2006,1.197
UGA,2007,1.241
UGA,2008,1.391
UGA,2009,1.604
UGA,2010,1.719
UGA,2011,1.808
UGA,2012,1.844
UGA,2013,2.018
UGA,2014,2.201
UGA,2015,1.028
UGA,2016,1.036
UKR,1990,106.104
UKR,1991,98.613
UKR,1992,116.293
UKR,1993,97.467
UKR,1994,70.056
UKR,1995,56.711
UKR,1996,62.277
UKR,1997,58.950
UKR,1998,49.002
UKR,1999,58.075
UKR,2000,52.109
UKR,2001,62.899
UKR,2002,62.078
UKR,2003,55.881
UKR,2004,53.101
UKR,2005,60.878
UKR,2006,63.570
UKR,2007,70.299
UKR,2008,70.596
UKR,2009,63.144
UKR,2010,67.580
UKR,2011,73.744
UKR,2012,74.835
UKR,2013,74.744
UKR,2014,67.920
UKR,2015,61.689
UKR,2016,65.349
URY,1990,1.400
URY,1991,1.534
URY,1992,1.707
URY,1993,1.557
URY,1994,1.494
URY,1995,1.678
URY,1996,2.049
URY,1997,2.265
URY,1998,2.422
URY,1999,2.705
URY,2000,2.283
URY,2001,2.106
URY,2002,1.665
URY,2003,1.774
URY,2004,2.091
URY,2005,2.214
URY,2006,2.396
URY,2007,2.359
URY,2008,2.963
URY,2009,2.802
URY,2010,2.801
URY,2011,3.183
URY,2012,3.721
URY,2013,3.542
URY,2014,3.407
URY,2015,1.941
URY,2016,1.922
USA,1990,1390.704
USA,1991,1380.267
USA,1992,1400.213
USA,1993,1435.749
USA,1994,1464.072
USA,1995,1481.016
USA,1996,1526.308
USA,1997,1551.620
USA,1998,1593.517
USA,1999,1647.990
USA,2000,1707.672
USA,2001,1683.779
USA,2002,1714.383
USA,2003,1732.492
USA,2004,1782.386
USA,2005,1790.678
USA,2006,1792.517
USA,2007,1802.238
USA,2008,1727.987
USA,2009,1593.043
USA,2010,1651.219
USA,2011,1640.534
USA,2012,1581.830
USA,2013,1614.163
USA,2014,1628.190
USA,2015,1587.603
USA,2016,1560.459
VEN,1990,23.572
VEN,1991,23.275
VEN,1992,22.358
VEN,1993,24.850
VEN,1994,24.738
VEN,1995,25.546
VEN,1996,22.692
VEN,1997,25.583
VEN,1998,31.013
VEN,1999,13.336
VEN,2000,12.220
VEN,2001,16.029
VEN,2002,14.644
VEN,2003,29.646
VEN,2004,25.676
VEN,2005,30.003
VEN,2006,29.101
VEN,2007,31.481
VEN,2008,36.670
VEN,2009,42.958
VEN,2010,45.376
VEN,2011,43.701
VEN,2012,50.776
VEN,2013,46.861
VEN,2014,47.021
VEN,2015,44.005
VEN,2016,40.470
VNM,1990,6.190
VNM,1991,6.177
VNM,1992,6.210
VNM,1993,6.880
VNM,1994,7.641
VNM,1995,8.473
VNM,1996,10.236
VNM,1997,12.408
VNM,1998,12.891
VNM,1999,11.794
VNM,2000,13.176
VNM,2001,15.071
VNM,2002,17.721
VNM,2003,23.136
VNM,2004,25.883
VNM,2005,27.701
VNM,2006,29.946
VNM,2007,32.101
VNM,2008,36.626
VNM,2009,38.941
VNM,2010,43.374
VNM,2011,46.040
VNM,2012,44.454
VNM,2013,51.527
VNM,2014,54.825
VNM,2015,57.023
VNM,2016,57.428
World,1959,2453.378
World,1960,2568.376
World,1961,2579.724
World,1962,2685.099
World,1963,2832.715
World,1964,2993.811
World,1965,3129.408
World,1966,3287.543
World,1967,3392.743
World,1968,3565.352
World,1969,3779.047
World,1970,4051.805
World,1971,4205.709
World,1972,4373.360
World,1973,4610.634
World,1974,4618.881
World,1975,4592.151
World,1976,4858.344
World,1977,5009.672
World,1978,5065.966
World,1979,5347.770
World,1980,5291.510
World,1981,5127.490
World,1982,5082.990
World,1983,5062.622
World,1984,5244.778
World,1985,5401.916
World,1986,5566.580
World,1987,5707.536
World,1988,5917.333
World,1989,6046.489
World,1990,6053.987
World,1991,6121.555
World,1992,6057.616
World,1993,6046.164
World,1994,6150.064
World,1995,6279.319
World,1996,6420.027
World,1997,6527.110
World,1998,6546.120
World,1999,6531.267
World,2000,6702.700
World,2001,6860.808
World,2002,6958.021
World,2003,7332.625
World,2004,7693.122
World,2005,7984.418
World,2006,8266.058
World,2007,8427.987
World,2008,8699.715
World,2009,8603.478
World,2010,9024.741
World,2011,9377.010
World,2012,9530.374
World,2013,9609.139
World,2014,9690.455
World,2015,9678.697
World,2016,9736.654
World,2017,9867.157
ZAF,1990,56.255
ZAF,1991,59.107
ZAF,1992,53.203
ZAF,1993,54.163
ZAF,1994,58.132
ZAF,1995,59.792
ZAF,1996,59.236
ZAF,1997,61.026
ZAF,1998,59.188
ZAF,1999,67.939
ZAF,2000,68.196
ZAF,2001,65.917
ZAF,2002,65.636
ZAF,2003,69.864
ZAF,2004,79.621
ZAF,2005,74.413
ZAF,2006,85.102
ZAF,2007,87.412
ZAF,2008,93.426
ZAF,2009,96.688
ZAF,2010,91.611
ZAF,2011,92.987
ZAF,2012,94.647
ZAF,2013,95.098
ZAF,2014,98.447
ZAF,2015,91.003
ZAF,2016,91.786
ZMB,1990,0.982
ZMB,1991,1.007
ZMB,1992,1.006
ZMB,1993,1.059
ZMB,1994,1.058
ZMB,1995,1.093
ZMB,1996,1.042
ZMB,1997,1.326
ZMB,1998,1.235
ZMB,1999,1.003
ZMB,2000,1.223
ZMB,2001,1.165
ZMB,2002,1.096
ZMB,2003,1.087
ZMB,2004,1.007
ZMB,2005,1.027
ZMB,2006,1.220
ZMB,2007,1.431
ZMB,2008,1.797
ZMB,2009,1.660
ZMB,2010,1.588
ZMB,2011,1.961
ZMB,2012,1.880
ZMB,2013,2.313
ZMB,2014,2.526
ZMB,2015,1.759
ZMB,2016,1.783
ZWE,1990,5.531
ZWE,1991,5.725
ZWE,1992,5.943
ZWE,1993,5.846
ZWE,1994,6.313
ZWE,1995,5.864
ZWE,1996,6.463
ZWE,1997,5.287
ZWE,1998,4.573
ZWE,1999,4.149
ZWE,2000,2.583
ZWE,2001,2.782
ZWE,2002,3.153
ZWE,2003,2.621
ZWE,2004,2.887
ZWE,2005,3.127
ZWE,2006,3.138
ZWE,2007,3.504
ZWE,2008,2.856
ZWE,2009,2.273
ZWE,2010,2.527
ZWE,2011,2.894
ZWE,2012,2.972
ZWE,2013,3.424
ZWE,2014,3.600
ZWE,2015,1.267
ZWE,2016,1.275