Code,Year,Emissions-Transfers
ALB,1990,-0.029
ALB,1991,-0.077
ALB,1992,-0.089
ALB,1993,-0.081
ALB,1994,-0.101
ALB,1995,-0.103
ALB,1996,-0.235
ALB,1997,-0.176
ALB,1998,-0.208
ALB,1999,-0.190
ALB,2000,-0.202
ALB,2001,-0.217
ALB,2002,-0.364
ALB,2003,-0.362
ALB,2004,-0.325
ALB,2005,-0.408
ALB,2006,-0.422
ALB,2007,-0.428
ALB,2008,-0.486
ALB,2009,-0.551
ALB,2010,-0.428
ALB,2011,-0.311
ALB,2012,-0.320
ALB,2013,-0.266
ALB,2014,-0.221
ALB,2015,-0.485
ALB,2016,-0.466
ARE,1990,-1.024
ARE,1991,-1.219
ARE,1992,-1.623
ARE,1993,-0.785
ARE,1994,-0.741
ARE,1995,-1.496
ARE,1996,-3.894
ARE,1997,-3.960
ARE,1998,-3.189
ARE,1999,-0.782
ARE,2000,1.096
ARE,2001,-2.185
ARE,2002,-3.731
ARE,2003,-7.321
ARE,2004,-9.993
ARE,2005,-13.663
ARE,2006,-12.775
ARE,2007,-19.356
ARE,2008,-24.868
ARE,2009,-9.467
ARE,2010,-10.527
ARE,2011,-13.713
ARE,2012,-10.953
ARE,2013,-13.766
ARE,2014,-10.656
ARE,2015,-6.070
ARE,2016,-4.083
ARG,1990,2.000
ARG,1991,1.136
ARG,1992,0.844
ARG,1993,0.381
ARG,1994,0.588
ARG,1995,1.603
ARG,1996,1.388
ARG,1997,0.324
ARG,1998,0.337
ARG,1999,2.996
ARG,2000,3.671
ARG,2001,4.504
ARG,2002,7.698
ARG,2003,5.667
ARG,2004,6.232
ARG,2005,5.820
ARG,2006,5.107
ARG,2007,3.487
ARG,2008,3.050
ARG,2009,3.855
ARG,2010,2.557
ARG,2011,1.435
ARG,2012,1.161
ARG,2013,-0.568
ARG,2014,-0.431
ARG,2015,-0.070
ARG,2016,0.573
ARM,1990,0.417
ARM,1991,0.476
ARM,1992,0.477
ARM,1993,0.159
ARM,1994,0.212
ARM,1995,0.162
ARM,1996,-0.140
ARM,1997,-0.236
ARM,1998,-0.235
ARM,1999,-0.634
ARM,2000,-0.148
ARM,2001,-0.256
ARM,2002,-0.173
ARM,2003,-0.253
ARM,2004,-0.233
ARM,2005,-0.288
ARM,2006,-0.264
ARM,2007,-0.659
ARM,2008,-0.265
ARM,2009,-0.439
ARM,2010,-0.365
ARM,2011,-0.223
ARM,2012,-0.174
ARM,2013,-0.188
ARM,2014,-0.170
ARM,2015,-0.640
ARM,2016,-0.681
AUS,1990,11.818
AUS,1991,12.712
AUS,1992,13.299
AUS,1993,14.328
AUS,1994,13.708
AUS,1995,15.197
AUS,1996,16.283
AUS,1997,16.242
AUS,1998,16.108
AUS,1999,19.083
AUS,2000,20.769
AUS,2001,21.649
AUS,2002,18.514
AUS,2003,18.329
AUS,2004,16.918
AUS,2005,16.002
AUS,2006,12.442
AUS,2007,10.639
AUS,2008,9.396
AUS,2009,8.101
AUS,2010,5.386
AUS,2011,2.784
AUS,2012,0.974
AUS,2013,3.642
AUS,2014,3.928
AUS,2015,7.540
AUS,2016,10.151
AUT,1990,-5.584
AUT,1991,-5.972
AUT,1992,-5.871
AUT,1993,-5.988
AUT,1994,-6.326
AUT,1995,-6.770
AUT,1996,-8.087
AUT,1997,-6.846
AUT,1998,-8.113
AUT,1999,-7.136
AUT,2000,-6.999
AUT,2001,-6.690
AUT,2002,-6.757
AUT,2003,-5.939
AUT,2004,-6.500
AUT,2005,-6.832
AUT,2006,-8.043
AUT,2007,-7.385
AUT,2008,-7.078
AUT,2009,-6.900
AUT,2010,-6.882
AUT,2011,-8.037
AUT,2012,-7.304
AUT,2013,-6.948
AUT,2014,-7.114
AUT,2015,-6.604
AUT,2016,-6.645
AZE,1990,5.870
AZE,1991,6.241
AZE,1992,8.506
AZE,1993,4.364
AZE,1994,4.191
AZE,1995,1.974
AZE,1996,-0.021
AZE,1997,0.185
AZE,1998,0.075
AZE,1999,0.504
AZE,2000,0.402
AZE,2001,0.084
AZE,2002,-0.698
AZE,2003,-1.157
AZE,2004,-1.490
AZE,2005,-0.565
AZE,2006,-0.744
AZE,2007,-0.642
AZE,2008,-0.429
AZE,2009,-0.097
AZE,2010,-0.070
AZE,2011,-0.146
AZE,2012,-0.441
AZE,2013,-0.640
AZE,2014,-0.638
AZE,2015,-0.376
AZE,2016,-0.541
Africa,1990,30.655
Africa,1991,30.634
Africa,1992,30.661
Africa,1993,35.636
Africa,1994,34.383
Africa,1995,40.115
Africa,1996,43.734
Africa,1997,45.992
Africa,1998,42.736
Africa,1999,37.955
Africa,2000,43.633
Africa,2001,38.134
Africa,2002,38.080
Africa,2003,35.043
Africa,2004,41.540
Africa,2005,35.270
Africa,2006,35.143
Africa,2007,30.268
Africa,2008,25.682
Africa,2009,16.712
Africa,2010,23.534
Africa,2011,19.042
Africa,2012,15.663
Africa,2013,1.265
Africa,2014,3.593
Africa,2015,-17.620
Africa,2016,-18.037
Asia,1990,-22.342
Asia,1991,-38.095
Asia,1992,-18.945
Asia,1993,-19.789
Asia,1994,-18.541
Asia,1995,-13.066
Asia,1996,-9.541
Asia,1997,9.129
Asia,1998,63.613
Asia,1999,10.282
Asia,2000,19.276
Asia,2001,17.675
Asia,2002,52.686
Asia,2003,104.666
Asia,2004,149.543
Asia,2005,184.633
Asia,2006,242.191
Asia,2007,290.548
Asia,2008,298.759
Asia,2009,258.153
Asia,2010,288.111
Asia,2011,338.173
Asia,2012,315.496
Asia,2013,332.091
Asia,2014,338.279
Asia,2015,310.688
Asia,2016,289.631
BEL,1990,-7.277
BEL,1991,-8.936
BEL,1992,-8.066
BEL,1993,-8.515
BEL,1994,-8.801
BEL,1995,-10.126
BEL,1996,-9.334
BEL,1997,-12.582
BEL,1998,-13.737
BEL,1999,-15.983
BEL,2000,-17.073
BEL,2001,-16.748
BEL,2002,-19.787
BEL,2003,-18.032
BEL,2004,-23.418
BEL,2005,-23.202
BEL,2006,-26.175
BEL,2007,-28.172
BEL,2008,-23.403
BEL,2009,-20.222
BEL,2010,-22.036
BEL,2011,-27.147
BEL,2012,-22.642
BEL,2013,-22.220
BEL,2014,-23.054
BEL,2015,-21.559
BEL,2016,-21.019
BEN,1990,-0.071
BEN,1991,-0.072
BEN,1992,-0.071
BEN,1993,-0.069
BEN,1994,-0.077
BEN,1995,-0.094
BEN,1996,-0.128
BEN,1997,-0.180
BEN,1998,-0.238
BEN,1999,-0.142
BEN,2000,-0.260
BEN,2001,-0.278
BEN,2002,-0.301
BEN,2003,-0.328
BEN,2004,-0.250
BEN,2005,-0.531
BEN,2006,-0.572
BEN,2007,-0.467
BEN,2008,-0.654
BEN,2009,-0.586
BEN,2010,-0.570
BEN,2011,-1.018
BEN,2012,-0.708
BEN,2013,-0.755
BEN,2014,-0.559
BEN,2015,-1.143
BEN,2016,-1.122
BFA,1990,-0.067
BFA,1991,-0.066
BFA,1992,-0.066
BFA,1993,-0.071
BFA,1994,-0.070
BFA,1995,-0.085
BFA,1996,-0.085
BFA,1997,-0.112
BFA,1998,-0.309
BFA,1999,-0.413
BFA,2000,-0.159
BFA,2001,-0.271
BFA,2002,-0.257
BFA,2003,-0.246
BFA,2004,-0.335
BFA,2005,-0.138
BFA,2006,-0.117
BFA,2007,-0.167
BFA,2008,-0.184
BFA,2009,-0.263
BFA,2010,-0.263
BFA,2011,-0.183
BFA,2012,-0.113
BFA,2013,-0.341
BFA,2014,-0.347
BFA,2015,-0.270
BFA,2016,-0.268
BGD,1990,-0.921
BGD,1991,-1.129
BGD,1992,-1.109
BGD,1993,-1.238
BGD,1994,-1.406
BGD,1995,-1.409
BGD,1996,-1.646
BGD,1997,-1.680
BGD,1998,-1.665
BGD,1999,-1.363
BGD,2000,-1.655
BGD,2001,-2.608
BGD,2002,-1.564
BGD,2003,-3.429
BGD,2004,-3.213
BGD,2005,-3.022
BGD,2006,-2.735
BGD,2007,-3.561
BGD,2008,-3.029
BGD,2009,-3.454
BGD,2010,-4.379
BGD,2011,-5.060
BGD,2012,-4.815
BGD,2013,-6.431
BGD,2014,-6.666
BGD,2015,-6.220
BGD,2016,-6.217
BGR,1990,5.856
BGR,1991,3.075
BGR,1992,3.183
BGR,1993,3.467
BGR,1994,3.561
BGR,1995,4.207
BGR,1996,3.992
BGR,1997,4.173
BGR,1998,3.396
BGR,1999,2.311
BGR,2000,1.018
BGR,2001,1.359
BGR,2002,1.332
BGR,2003,1.674
BGR,2004,1.590
BGR,2005,1.319
BGR,2006,0.456
BGR,2007,0.908
BGR,2008,0.128
BGR,2009,0.561
BGR,2010,1.265
BGR,2011,1.771
BGR,2012,0.985
BGR,2013,1.010
BGR,2014,1.356
BGR,2015,1.965
BGR,2016,1.849
BHR,1990,0.368
BHR,1991,0.134
BHR,1992,0.018
BHR,1993,0.440
BHR,1994,0.404
BHR,1995,0.429
BHR,1996,0.578
BHR,1997,1.305
BHR,1998,1.267
BHR,1999,3.106
BHR,2000,1.762
BHR,2001,0.886
BHR,2002,1.499
BHR,2003,1.705
BHR,2004,1.941
BHR,2005,1.738
BHR,2006,1.902
BHR,2007,2.791
BHR,2008,2.599
BHR,2009,2.334
BHR,2010,2.214
BHR,2011,2.921
BHR,2012,3.351
BHR,2013,3.863
BHR,2014,3.604
BHR,2015,3.871
BHR,2016,3.947
BLR,1990,20.571
BLR,1991,19.213
BLR,1992,14.520
BLR,1993,10.721
BLR,1994,9.773
BLR,1995,7.360
BLR,1996,3.637
BLR,1997,4.264
BLR,1998,-3.192
BLR,1999,-0.868
BLR,2000,-0.490
BLR,2001,-0.439
BLR,2002,-1.100
BLR,2003,-0.846
BLR,2004,-0.828
BLR,2005,0.603
BLR,2006,-0.752
BLR,2007,-2.213
BLR,2008,-3.286
BLR,2009,1.441
BLR,2010,0.078
BLR,2011,1.373
BLR,2012,-1.890
BLR,2013,-2.326
BLR,2014,-2.071
BLR,2015,-2.388
BLR,2016,-2.134
BOL,1990,0.147
BOL,1991,0.166
BOL,1992,0.199
BOL,1993,0.279
BOL,1994,0.379
BOL,1995,0.471
BOL,1996,0.425
BOL,1997,0.262
BOL,1998,0.207
BOL,1999,-0.011
BOL,2000,0.221
BOL,2001,0.118
BOL,2002,0.160
BOL,2003,0.589
BOL,2004,0.691
BOL,2005,0.770
BOL,2006,0.878
BOL,2007,0.601
BOL,2008,0.453
BOL,2009,0.218
BOL,2010,0.354
BOL,2011,0.238
BOL,2012,0.493
BOL,2013,0.430
BOL,2014,0.577
BOL,2015,-0.852
BOL,2016,-0.874
BRA,1990,-7.632
BRA,1991,-7.630
BRA,1992,-6.799
BRA,1993,-6.626
BRA,1994,-7.255
BRA,1995,-8.626
BRA,1996,-9.563
BRA,1997,-10.519
BRA,1998,-10.183
BRA,1999,-5.056
BRA,2000,-5.679
BRA,2001,-4.037
BRA,2002,-1.837
BRA,2003,-0.900
BRA,2004,-0.487
BRA,2005,-0.789
BRA,2006,-2.697
BRA,2007,-4.493
BRA,2008,-11.021
BRA,2009,-6.846
BRA,2010,-12.714
BRA,2011,-14.989
BRA,2012,-15.049
BRA,2013,-15.819
BRA,2014,-15.872
BRA,2015,-11.300
BRA,2016,-10.946
BRN,1990,0.810
BRN,1991,0.642
BRN,1992,0.575
BRN,1993,0.429
BRN,1994,0.327
BRN,1995,0.418
BRN,1996,0.067
BRN,1997,0.698
BRN,1998,0.470
BRN,1999,0.520
BRN,2000,0.712
BRN,2001,0.672
BRN,2002,0.629
BRN,2003,0.108
BRN,2004,0.270
BRN,2005,0.242
BRN,2006,0.116
BRN,2007,0.494
BRN,2008,0.521
BRN,2009,0.718
BRN,2010,0.680
BRN,2011,0.659
BRN,2012,0.466
BRN,2013,-0.148
BRN,2014,0.056
BRN,2015,0.150
BRN,2016,0.154
BWA,1990,0.000
BWA,1991,0.000
BWA,1992,0.000
BWA,1993,0.000
BWA,1994,0.000
BWA,1995,0.000
BWA,1996,0.000
BWA,1997,0.000
BWA,1998,0.000
BWA,1999,0.000
BWA,2000,-1.648
BWA,2001,-1.245
BWA,2002,0.253
BWA,2003,-3.322
BWA,2004,-1.921
BWA,2005,-1.510
BWA,2006,-1.192
BWA,2007,-1.739
BWA,2008,-1.950
BWA,2009,-0.459
BWA,2010,-0.335
BWA,2011,-0.304
BWA,2012,-0.289
BWA,2013,-2.763
BWA,2014,-2.689
BWA,2015,-3.637
BWA,2016,-3.685
Bunkers,1959,0.000
Bunkers,1960,0.000
Bunkers,1961,0.000
Bunkers,1962,0.000
Bunkers,1963,0.000
Bunkers,1964,0.000
Bunkers,1965,0.000
Bunkers,1966,0.000
Bunkers,1967,0.000
Bunkers,1968,0.000
Bunkers,1969,0.000
Bunkers,1970,0.000
Bunkers,1971,0.000
Bunkers,1972,0.000
Bunkers,1973,0.000
Bunkers,1974,0.000
Bunkers,1975,0.000
Bunkers,1976,0.000
Bunkers,1977,0.000
Bunkers,1978,0.000
Bunkers,1979,0.000
Bunkers,1980,0.000
Bunkers,1981,0.000
Bunkers,1982,0.000
Bunkers,1983,0.000
Bunkers,1984,0.000
Bunkers,1985,0.000
Bunkers,1986,0.000
Bunkers,1987,0.000
Bunkers,1988,0.000
Bunkers,1989,0.000
Bunkers,1990,0.000
Bunkers,1991,0.000
Bunkers,1992,0.000
Bunkers,1993,0.000
Bunkers,1994,0.000
Bunkers,1995,0.000
Bunkers,1996,0.000
Bunkers,1997,0.000
Bunkers,1998,0.000
Bunkers,1999,0.000
Bunkers,2000,0.000
Bunkers,2001,0.000
Bunkers,2002,0.000
Bunkers,2003,0.000
Bunkers,2004,0.000
Bunkers,2005,0.000
Bunkers,2006,0.000
Bunkers,2007,0.000
Bunkers,2008,0.000
Bunkers,2009,0.000
Bunkers,2010,0.000
Bunkers,2011,0.000
Bunkers,2012,0.000
Bunkers,2013,0.000
Bunkers,2014,0.000
Bunkers,2015,0.000
Bunkers,2016,0.000
Bunkers,2017,0.000
CAN,1990,-3.612
CAN,1991,-5.376
CAN,1992,-4.213
CAN,1993,-3.496
CAN,1994,-2.510
CAN,1995,-2.920
CAN,1996,-2.133
CAN,1997,-7.536
CAN,1998,-7.437
CAN,1999,-2.426
CAN,2000,-2.927
CAN,2001,-0.290
CAN,2002,-3.770
CAN,2003,7.383
CAN,2004,2.773
CAN,2005,-2.309
CAN,2006,0.402
CAN,2007,-1.040
CAN,2008,-4.418
CAN,2009,-6.062
CAN,2010,-10.921
CAN,2011,-0.519
CAN,2012,-10.034
CAN,2013,-10.761
CAN,2014,-10.402
CAN,2015,-5.294
CAN,2016,-4.322
CHE,1990,-9.624
CHE,1991,-10.294
CHE,1992,-9.736
CHE,1993,-10.204
CHE,1994,-10.780
CHE,1995,-11.746
CHE,1996,-16.721
CHE,1997,-14.283
CHE,1998,-18.727
CHE,1999,-14.756
CHE,2000,-16.132
CHE,2001,-13.624
CHE,2002,-13.181
CHE,2003,-17.422
CHE,2004,-17.136
CHE,2005,-16.883
CHE,2006,-16.380
CHE,2007,-19.141
CHE,2008,-18.998
CHE,2009,-18.342
CHE,2010,-17.384
CHE,2011,-21.005
CHE,2012,-19.324
CHE,2013,-22.821
CHE,2014,-23.059
CHE,2015,-22.519
CHE,2016,-21.978
CHL,1990,0.571
CHL,1991,0.430
CHL,1992,0.561
CHL,1993,0.505
CHL,1994,0.791
CHL,1995,0.780
CHL,1996,1.114
CHL,1997,1.869
CHL,1998,1.738
CHL,1999,1.467
CHL,2000,0.730
CHL,2001,0.290
CHL,2002,0.431
CHL,2003,1.341
CHL,2004,1.518
CHL,2005,0.536
CHL,2006,-0.422
CHL,2007,0.262
CHL,2008,-0.956
CHL,2009,0.850
CHL,2010,-0.464
CHL,2011,-0.886
CHL,2012,-2.086
CHL,2013,-1.809
CHL,2014,-2.045
CHL,2015,-1.882
CHL,2016,-1.266
CHN,1990,37.001
CHN,1991,37.929
CHN,1992,48.932
CHN,1993,60.322
CHN,1994,79.736
CHN,1995,89.722
CHN,1996,94.884
CHN,1997,117.749
CHN,1998,114.762
CHN,1999,103.006
CHN,2000,107.932
CHN,2001,89.130
CHN,2002,117.718
CHN,2003,177.127
CHN,2004,223.071
CHN,2005,265.233
CHN,2006,339.438
CHN,2007,364.005
CHN,2008,388.360
CHN,2009,321.224
CHN,2010,360.104
CHN,2011,412.373
CHN,2012,414.612
CHN,2013,429.925
CHN,2014,436.300
CHN,2015,398.751
CHN,2016,368.062
CIV,1990,-0.066
CIV,1991,-0.199
CIV,1992,-0.204
CIV,1993,-0.180
CIV,1994,-0.211
CIV,1995,-0.125
CIV,1996,0.368
CIV,1997,0.303
CIV,1998,-0.387
CIV,1999,0.367
CIV,2000,0.730
CIV,2001,0.733
CIV,2002,0.869
CIV,2003,-0.384
CIV,2004,0.051
CIV,2005,-0.139
CIV,2006,-0.400
CIV,2007,-0.278
CIV,2008,-0.551
CIV,2009,-0.586
CIV,2010,-0.479
CIV,2011,-0.364
CIV,2012,-0.348
CIV,2013,-1.381
CIV,2014,-1.436
CIV,2015,-1.295
CIV,2016,-1.257
CMR,1990,-0.161
CMR,1991,-0.200
CMR,1992,-0.122
CMR,1993,-0.156
CMR,1994,-0.149
CMR,1995,-0.134
CMR,1996,-0.043
CMR,1997,-0.233
CMR,1998,-0.235
CMR,1999,-0.068
CMR,2000,-0.145
CMR,2001,-0.289
CMR,2002,-0.281
CMR,2003,-0.418
CMR,2004,-0.323
CMR,2005,-0.444
CMR,2006,-0.469
CMR,2007,-0.138
CMR,2008,-0.380
CMR,2009,-0.343
CMR,2010,-0.377
CMR,2011,-0.596
CMR,2012,-0.785
CMR,2013,-1.070
CMR,2014,-1.136
CMR,2015,-1.112
CMR,2016,-1.041
COL,1990,-1.597
COL,1991,-1.445
COL,1992,-1.175
COL,1993,-1.657
COL,1994,-1.919
COL,1995,-2.515
COL,1996,-2.094
COL,1997,-2.605
COL,1998,-2.919
COL,1999,-1.714
COL,2000,-1.255
COL,2001,-1.764
COL,2002,-2.941
COL,2003,-1.221
COL,2004,-1.232
COL,2005,-1.505
COL,2006,-2.309
COL,2007,-2.840
COL,2008,-2.811
COL,2009,-1.696
COL,2010,-2.353
COL,2011,-3.273
COL,2012,-3.626
COL,2013,-3.451
COL,2014,-4.129
COL,2015,-3.765
COL,2016,-3.675
CRI,1990,-0.561
CRI,1991,-0.551
CRI,1992,-0.505
CRI,1993,-0.538
CRI,1994,-0.529
CRI,1995,-0.588
CRI,1996,-0.575
CRI,1997,-0.717
CRI,1998,-1.004
CRI,1999,-2.050
CRI,2000,-1.273
CRI,2001,-1.785
CRI,2002,-3.204
CRI,2003,-1.624
CRI,2004,-1.635
CRI,2005,-1.904
CRI,2006,-1.217
CRI,2007,-1.368
CRI,2008,-1.380
CRI,2009,-0.988
CRI,2010,-1.195
CRI,2011,-1.461
CRI,2012,-1.569
CRI,2013,-1.355
CRI,2014,-1.375
CRI,2015,-1.608
CRI,2016,-1.571
CYP,1990,-0.323
CYP,1991,-0.331
CYP,1992,-0.119
CYP,1993,-0.079
CYP,1994,-0.087
CYP,1995,-0.151
CYP,1996,-0.392
CYP,1997,-0.238
CYP,1998,-0.567
CYP,1999,-0.267
CYP,2000,-0.512
CYP,2001,-0.522
CYP,2002,-0.946
CYP,2003,-0.663
CYP,2004,-0.379
CYP,2005,-0.458
CYP,2006,-0.344
CYP,2007,-0.573
CYP,2008,-0.914
CYP,2009,-1.278
CYP,2010,-1.356
CYP,2011,-0.967
CYP,2012,-0.595
CYP,2013,-0.361
CYP,2014,-0.273
CYP,2015,-0.204
CYP,2016,-0.115
CZE,1990,0.264
CZE,1991,-1.004
CZE,1992,0.243
CZE,1993,0.901
CZE,1994,-0.014
CZE,1995,0.117
CZE,1996,0.823
CZE,1997,0.932
CZE,1998,1.039
CZE,1999,0.987
CZE,2000,1.487
CZE,2001,1.186
CZE,2002,-0.188
CZE,2003,0.780
CZE,2004,2.177
CZE,2005,3.093
CZE,2006,1.147
CZE,2007,0.348
CZE,2008,-1.280
CZE,2009,0.045
CZE,2010,-0.813
CZE,2011,-0.987
CZE,2012,0.034
CZE,2013,-0.612
CZE,2014,-0.340
CZE,2015,-0.141
CZE,2016,0.084
Central America,1990,-1.590
Central America,1991,-1.708
Central America,1992,-1.010
Central America,1993,-1.755
Central America,1994,-1.606
Central America,1995,-2.064
Central America,1996,-2.918
Central America,1997,-3.681
Central America,1998,-5.703
Central America,1999,-8.266
Central America,2000,-6.994
Central America,2001,-8.021
Central America,2002,-8.022
Central America,2003,-4.201
Central America,2004,-1.552
Central America,2005,-1.076
Central America,2006,1.908
Central America,2007,2.542
Central America,2008,1.325
Central America,2009,-2.513
Central America,2010,-4.373
Central America,2011,-1.190
Central America,2012,-6.041
Central America,2013,-1.418
Central America,2014,-2.283
Central America,2015,-8.706
Central America,2016,-10.284
DEU,1990,-30.226
DEU,1991,-37.922
DEU,1992,-37.498
DEU,1993,-41.451
DEU,1994,-44.999
DEU,1995,-49.876
DEU,1996,-42.315
DEU,1997,-40.095
DEU,1998,-43.779
DEU,1999,-44.501
DEU,2000,-43.206
DEU,2001,-39.463
DEU,2002,-37.004
DEU,2003,-44.414
DEU,2004,-48.540
DEU,2005,-48.301
DEU,2006,-52.581
DEU,2007,-45.568
DEU,2008,-41.699
DEU,2009,-40.716
DEU,2010,-40.973
DEU,2011,-45.787
DEU,2012,-31.405
DEU,2013,-26.636
DEU,2014,-28.763
DEU,2015,-24.231
DEU,2016,-23.472
DNK,1990,-1.133
DNK,1991,-0.349
DNK,1992,-0.693
DNK,1993,-0.562
DNK,1994,-0.427
DNK,1995,-1.241
DNK,1996,0.581
DNK,1997,-0.634
DNK,1998,-1.074
DNK,1999,-2.281
DNK,2000,-2.355
DNK,2001,-2.072
DNK,2002,-2.350
DNK,2003,-1.687
DNK,2004,-3.513
DNK,2005,-3.871
DNK,2006,-3.454
DNK,2007,-3.859
DNK,2008,-4.012
DNK,2009,-3.468
DNK,2010,-3.644
DNK,2011,-4.370
DNK,2012,-4.133
DNK,2013,-4.023
DNK,2014,-4.499
DNK,2015,-4.528
DNK,2016,-4.241
DOM,1990,-0.154
DOM,1991,-0.128
DOM,1992,-0.127
DOM,1993,-0.106
DOM,1994,-0.110
DOM,1995,0.065
DOM,1996,0.028
DOM,1997,-0.119
DOM,1998,-0.698
DOM,1999,-1.583
DOM,2000,-1.703
DOM,2001,-1.903
DOM,2002,-0.788
DOM,2003,-0.074
DOM,2004,-0.120
DOM,2005,-0.475
DOM,2006,-0.389
DOM,2007,-0.732
DOM,2008,-1.103
DOM,2009,-0.762
DOM,2010,-0.855
DOM,2011,-0.807
DOM,2012,-1.027
DOM,2013,-0.658
DOM,2014,-0.668
DOM,2015,-1.895
DOM,2016,-1.847
ECU,1990,-0.123
ECU,1991,-0.054
ECU,1992,0.298
ECU,1993,0.402
ECU,1994,-0.262
ECU,1995,0.357
ECU,1996,0.511
ECU,1997,-0.190
ECU,1998,-0.510
ECU,1999,-0.227
ECU,2000,-0.233
ECU,2001,-0.807
ECU,2002,-1.418
ECU,2003,-0.814
ECU,2004,-0.602
ECU,2005,-0.651
ECU,2006,-1.136
ECU,2007,-1.454
ECU,2008,-1.412
ECU,2009,-1.173
ECU,2010,-1.782
ECU,2011,-2.060
ECU,2012,-2.331
ECU,2013,-2.179
ECU,2014,-2.059
ECU,2015,-1.703
ECU,2016,-1.694
EGY,1990,-2.562
EGY,1991,-2.997
EGY,1992,-1.989
EGY,1993,-1.633
EGY,1994,-2.550
EGY,1995,-2.737
EGY,1996,-2.371
EGY,1997,-2.683
EGY,1998,-3.363
EGY,1999,-4.013
EGY,2000,-2.470
EGY,2001,-2.518
EGY,2002,-2.600
EGY,2003,-0.828
EGY,2004,0.864
EGY,2005,-1.016
EGY,2006,0.753
EGY,2007,1.882
EGY,2008,1.656
EGY,2009,0.437
EGY,2010,-0.373
EGY,2011,0.718
EGY,2012,-1.319
EGY,2013,-0.282
EGY,2014,-2.175
EGY,2015,-1.962
EGY,2016,-3.030
ESP,1990,-8.617
ESP,1991,-9.433
ESP,1992,-7.558
ESP,1993,-7.447
ESP,1994,-6.401
ESP,1995,-6.550
ESP,1996,-5.565
ESP,1997,-4.354
ESP,1998,-7.929
ESP,1999,-5.580
ESP,2000,-5.831
ESP,2001,-6.497
ESP,2002,-7.933
ESP,2003,-7.049
ESP,2004,-10.101
ESP,2005,-11.987
ESP,2006,-17.521
ESP,2007,-18.412
ESP,2008,-18.106
ESP,2009,-15.520
ESP,2010,-16.828
ESP,2011,-14.779
ESP,2012,-10.531
ESP,2013,-10.522
ESP,2014,-10.060
ESP,2015,-6.864
ESP,2016,-7.297
EST,1990,1.428
EST,1991,0.382
EST,1992,1.055
EST,1993,0.658
EST,1994,0.786
EST,1995,0.514
EST,1996,0.378
EST,1997,0.377
EST,1998,-0.666
EST,1999,-0.846
EST,2000,-0.566
EST,2001,-0.460
EST,2002,-0.927
EST,2003,-0.989
EST,2004,-0.268
EST,2005,-0.406
EST,2006,-0.795
EST,2007,-0.181
EST,2008,0.206
EST,2009,-0.096
EST,2010,0.385
EST,2011,0.037
EST,2012,-0.011
EST,2013,0.337
EST,2014,0.239
EST,2015,-0.165
EST,2016,0.015
ETH,1990,-0.207
ETH,1991,-0.225
ETH,1992,-0.233
ETH,1993,-0.255
ETH,1994,-0.284
ETH,1995,-0.307
ETH,1996,-0.320
ETH,1997,-0.384
ETH,1998,-0.590
ETH,1999,-0.578
ETH,2000,-0.415
ETH,2001,-0.456
ETH,2002,-0.387
ETH,2003,-0.485
ETH,2004,-0.352
ETH,2005,-0.658
ETH,2006,-0.756
ETH,2007,-0.661
ETH,2008,-0.817
ETH,2009,-1.246
ETH,2010,-0.913
ETH,2011,-0.896
ETH,2012,-1.569
ETH,2013,-1.711
ETH,2014,-1.775
ETH,2015,-1.923
ETH,2016,-1.925
EUU,1990,-150.640
EUU,1991,-188.239
EUU,1992,-158.422
EUU,1993,-164.558
EUU,1994,-172.559
EUU,1995,-187.189
EUU,1996,-163.003
EUU,1997,-167.806
EUU,1998,-190.111
EUU,1999,-182.421
EUU,2000,-187.845
EUU,2001,-176.916
EUU,2002,-193.745
EUU,2003,-189.032
EUU,2004,-219.617
EUU,2005,-217.484
EUU,2006,-262.485
EUU,2007,-260.356
EUU,2008,-255.111
EUU,2009,-245.705
EUU,2010,-249.030
EUU,2011,-265.396
EUU,2012,-214.821
EUU,2013,-202.790
EUU,2014,-212.551
EUU,2015,-186.552
EUU,2016,-183.510
Europe,1990,-24.672
Europe,1991,-0.871
Europe,1992,-38.684
Europe,1993,-46.274
Europe,1994,-47.449
Europe,1995,-53.738
Europe,1996,-71.824
Europe,1997,-71.613
Europe,1998,-88.313
Europe,1999,-93.491
Europe,2000,-103.387
Europe,2001,-95.094
Europe,2002,-109.191
Europe,2003,-103.092
Europe,2004,-128.451
Europe,2005,-136.393
Europe,2006,-166.031
Europe,2007,-190.573
Europe,2008,-193.504
Europe,2009,-174.849
Europe,2010,-176.724
Europe,2011,-202.348
Europe,2012,-168.283
Europe,2013,-160.198
Europe,2014,-173.457
Europe,2015,-143.879
Europe,2016,-136.292
FIN,1990,-3.398
FIN,1991,-6.205
FIN,1992,-4.493
FIN,1993,-4.143
FIN,1994,-3.831
FIN,1995,-4.620
FIN,1996,-3.950
FIN,1997,-4.333
FIN,1998,-3.958
FIN,1999,-3.603
FIN,2000,-3.843
FIN,2001,-3.916
FIN,2002,-3.403
FIN,2003,-4.015
FIN,2004,-5.830
FIN,2005,-6.459
FIN,2006,-6.878
FIN,2007,-7.563
FIN,2008,-6.918
FIN,2009,-4.925
FIN,2010,-5.570
FIN,2011,-5.420
FIN,2012,-6.026
FIN,2013,-5.156
FIN,2014,-5.625
FIN,2015,-6.063
FIN,2016,-5.913
FRA,1990,-23.494
FRA,1991,-26.570
FRA,1992,-24.279
FRA,1993,-26.146
FRA,1994,-28.208
FRA,1995,-30.232
FRA,1996,-28.677
FRA,1997,-27.697
FRA,1998,-29.003
FRA,1999,-27.792
FRA,2000,-29.645
FRA,2001,-28.054
FRA,2002,-29.719
FRA,2003,-28.280
FRA,2004,-34.671
FRA,2005,-32.366
FRA,2006,-32.299
FRA,2007,-40.327
FRA,2008,-38.570
FRA,2009,-37.802
FRA,2010,-34.811
FRA,2011,-46.190
FRA,2012,-31.383
FRA,2013,-30.134
FRA,2014,-32.111
FRA,2015,-30.004
FRA,2016,-29.395
GBR,1990,-15.341
GBR,1991,-17.900
GBR,1992,-17.489
GBR,1993,-19.412
GBR,1994,-21.050
GBR,1995,-23.343
GBR,1996,-26.329
GBR,1997,-31.370
GBR,1998,-36.356
GBR,1999,-31.679
GBR,2000,-31.421
GBR,2001,-32.037
GBR,2002,-34.318
GBR,2003,-38.235
GBR,2004,-42.075
GBR,2005,-39.758
GBR,2006,-43.510
GBR,2007,-47.391
GBR,2008,-41.573
GBR,2009,-45.709
GBR,2010,-47.242
GBR,2011,-44.330
GBR,2012,-43.156
GBR,2013,-41.051
GBR,2014,-44.524
GBR,2015,-42.346
GBR,2016,-43.442
GEO,1990,1.784
GEO,1991,1.295
GEO,1992,1.601
GEO,1993,0.514
GEO,1994,0.327
GEO,1995,0.026
GEO,1996,-1.358
GEO,1997,-0.701
GEO,1998,-0.686
GEO,1999,-0.391
GEO,2000,-0.240
GEO,2001,-0.379
GEO,2002,-0.382
GEO,2003,-0.466
GEO,2004,-0.580
GEO,2005,-0.640
GEO,2006,-0.694
GEO,2007,-0.837
GEO,2008,-0.999
GEO,2009,-0.443
GEO,2010,-0.528
GEO,2011,-0.369
GEO,2012,-0.535
GEO,2013,-0.660
GEO,2014,-0.587
GEO,2015,-1.453
GEO,2016,-1.480
GHA,1990,-0.219
GHA,1991,-0.238
GHA,1992,-0.251
GHA,1993,-0.229
GHA,1994,-0.244
GHA,1995,-0.242
GHA,1996,-0.443
GHA,1997,-0.625
GHA,1998,-0.644
GHA,1999,-0.716
GHA,2000,-0.483
GHA,2001,-0.677
GHA,2002,-0.649
GHA,2003,-0.852
GHA,2004,-1.309
GHA,2005,-1.465
GHA,2006,-1.225
GHA,2007,-1.349
GHA,2008,-1.499
GHA,2009,-1.456
GHA,2010,-1.228
GHA,2011,-1.811
GHA,2012,-2.177
GHA,2013,-1.631
GHA,2014,-1.800
GHA,2015,-2.689
GHA,2016,-2.626
GIN,1990,0.000
GIN,1991,0.000
GIN,1992,0.000
GIN,1993,0.000
GIN,1994,0.000
GIN,1995,0.000
GIN,1996,0.000
GIN,1997,0.000
GIN,1998,0.000
GIN,1999,0.000
GIN,2000,0.000
GIN,2001,0.000
GIN,2002,0.000
GIN,2003,0.000
GIN,2004,0.000
GIN,2005,0.000
GIN,2006,0.000
GIN,2007,0.000
GIN,2008,0.000
GIN,2009,0.000
GIN,2010,0.000
GIN,2011,0.000
GIN,2012,0.000
GIN,2013,0.000
GIN,2014,0.000
GIN,2015,0.000
GIN,2016,0.000
GRC,1990,-3.652
GRC,1991,-3.810
GRC,1992,-2.843
GRC,1993,-3.120
GRC,1994,-3.175
GRC,1995,-3.790
GRC,1996,-2.875
GRC,1997,-1.979
GRC,1998,-3.092
GRC,1999,-1.671
GRC,2000,-1.857
GRC,2001,-1.742
GRC,2002,-2.510
GRC,2003,2.722
GRC,2004,3.763
GRC,2005,4.667
GRC,2006,3.163
GRC,2007,4.282
GRC,2008,3.217
GRC,2009,-1.892
GRC,2010,-0.167
GRC,2011,1.850
GRC,2012,2.463
GRC,2013,2.436
GRC,2014,2.602
GRC,2015,2.792
GRC,2016,2.190
GTM,1990,-0.318
GTM,1991,-0.409
GTM,1992,-0.359
GTM,1993,-0.398
GTM,1994,-0.389
GTM,1995,-0.418
GTM,1996,-0.416
GTM,1997,-0.600
GTM,1998,-0.852
GTM,1999,-0.862
GTM,2000,-0.730
GTM,2001,-0.927
GTM,2002,-1.262
GTM,2003,-0.737
GTM,2004,-0.663
GTM,2005,-0.820
GTM,2006,-0.953
GTM,2007,-0.960
GTM,2008,-1.108
GTM,2009,-0.889
GTM,2010,-1.094
GTM,2011,-1.346
GTM,2012,-1.486
GTM,2013,-1.304
GTM,2014,-1.008
GTM,2015,-1.764
GTM,2016,-1.737
HKG,1990,-13.802
HKG,1991,-15.385
HKG,1992,-15.617
HKG,1993,-17.620
HKG,1994,-21.937
HKG,1995,-24.506
HKG,1996,-24.691
HKG,1997,-28.812
HKG,1998,-21.359
HKG,1999,-16.470
HKG,2000,-17.878
HKG,2001,-19.898
HKG,2002,-15.756
HKG,2003,-13.232
HKG,2004,-11.089
HKG,2005,-12.464
HKG,2006,-13.940
HKG,2007,-9.681
HKG,2008,-12.582
HKG,2009,-11.845
HKG,2010,-13.943
HKG,2011,-10.432
HKG,2012,-19.952
HKG,2013,-22.077
HKG,2014,-22.582
HKG,2015,-21.964
HKG,2016,-21.086
HND,1990,-0.109
HND,1991,-0.136
HND,1992,-0.114
HND,1993,-0.166
HND,1994,-0.182
HND,1995,-0.149
HND,1996,-0.241
HND,1997,-0.394
HND,1998,-0.487
HND,1999,-0.658
HND,2000,-0.720
HND,2001,-0.807
HND,2002,-1.032
HND,2003,-0.634
HND,2004,-0.444
HND,2005,-0.560
HND,2006,-0.578
HND,2007,-0.523
HND,2008,-0.518
HND,2009,-0.489
HND,2010,-0.513
HND,2011,-0.368
HND,2012,-0.717
HND,2013,-0.605
HND,2014,-0.628
HND,2015,-1.026
HND,2016,-1.003
HRV,1990,0.762
HRV,1991,0.322
HRV,1992,0.161
HRV,1993,-0.006
HRV,1994,-0.243
HRV,1995,-0.531
HRV,1996,-0.724
HRV,1997,-0.718
HRV,1998,-0.410
HRV,1999,-0.370
HRV,2000,-0.317
HRV,2001,-0.671
HRV,2002,-0.769
HRV,2003,-0.939
HRV,2004,-0.959
HRV,2005,-1.135
HRV,2006,-2.005
HRV,2007,-1.541
HRV,2008,-1.754
HRV,2009,-1.303
HRV,2010,-1.065
HRV,2011,-1.797
HRV,2012,-0.931
HRV,2013,-0.959
HRV,2014,-0.874
HRV,2015,-0.189
HRV,2016,-0.154
HUN,1990,-3.979
HUN,1991,-5.166
HUN,1992,-3.739
HUN,1993,-3.985
HUN,1994,-4.099
HUN,1995,-4.043
HUN,1996,-3.013
HUN,1997,-3.087
HUN,1998,-3.361
HUN,1999,-2.964
HUN,2000,-3.322
HUN,2001,-3.728
HUN,2002,-4.940
HUN,2003,-5.685
HUN,2004,-5.020
HUN,2005,-4.835
HUN,2006,-6.500
HUN,2007,-6.261
HUN,2008,-6.362
HUN,2009,-4.669
HUN,2010,-4.886
HUN,2011,-5.081
HUN,2012,-4.634
HUN,2013,-5.248
HUN,2014,-5.005
HUN,2015,-4.525
HUN,2016,-4.477
IDN,1990,-0.464
IDN,1991,0.230
IDN,1992,1.791
IDN,1993,1.882
IDN,1994,1.242
IDN,1995,0.483
IDN,1996,1.131
IDN,1997,1.788
IDN,1998,6.852
IDN,1999,0.098
IDN,2000,0.662
IDN,2001,2.193
IDN,2002,0.784
IDN,2003,1.185
IDN,2004,2.074
IDN,2005,1.842
IDN,2006,2.088
IDN,2007,2.749
IDN,2008,1.288
IDN,2009,0.260
IDN,2010,-1.876
IDN,2011,3.720
IDN,2012,0.572
IDN,2013,-6.562
IDN,2014,-9.156
IDN,2015,-9.467
IDN,2016,-9.996
IND,1990,1.029
IND,1991,1.987
IND,1992,4.243
IND,1993,5.769
IND,1994,6.855
IND,1995,10.832
IND,1996,16.714
IND,1997,13.805
IND,1998,14.630
IND,1999,12.366
IND,2000,23.975
IND,2001,21.619
IND,2002,25.704
IND,2003,21.451
IND,2004,21.159
IND,2005,29.529
IND,2006,26.427
IND,2007,26.821
IND,2008,33.264
IND,2009,23.832
IND,2010,24.760
IND,2011,33.975
IND,2012,40.229
IND,2013,52.921
IND,2014,56.656
IND,2015,51.284
IND,2016,52.930
IRL,1990,-2.214
IRL,1991,-2.304
IRL,1992,-2.017
IRL,1993,-1.995
IRL,1994,-1.892
IRL,1995,-1.951
IRL,1996,-3.261
IRL,1997,-2.882
IRL,1998,-2.455
IRL,1999,-3.065
IRL,2000,-2.642
IRL,2001,-2.082
IRL,2002,-2.695
IRL,2003,-4.337
IRL,2004,-5.105
IRL,2005,-5.444
IRL,2006,-5.390
IRL,2007,-5.229
IRL,2008,-3.716
IRL,2009,-2.432
IRL,2010,-1.752
IRL,2011,-2.159
IRL,2012,-1.813
IRL,2013,-2.010
IRL,2014,-1.882
IRL,2015,-0.965
IRL,2016,-0.887
IRN,1990,8.160
IRN,1991,8.984
IRN,1992,9.126
IRN,1993,10.555
IRN,1994,12.788
IRN,1995,11.859
IRN,1996,9.012
IRN,1997,5.554
IRN,1998,7.451
IRN,1999,25.487
IRN,2000,23.872
IRN,2001,21.944
IRN,2002,18.709
IRN,2003,5.300
IRN,2004,6.509
IRN,2005,6.615
IRN,2006,8.891
IRN,2007,2.664
IRN,2008,6.284
IRN,2009,10.029
IRN,2010,6.396
IRN,2011,6.957
IRN,2012,8.705
IRN,2013,8.428
IRN,2014,9.659
IRN,2015,12.962
IRN,2016,19.601
ISR,1990,-3.302
ISR,1991,-3.619
ISR,1992,-3.213
ISR,1993,-3.271
ISR,1994,-3.381
ISR,1995,-3.696
ISR,1996,-3.883
ISR,1997,-3.815
ISR,1998,-4.177
ISR,1999,-2.489
ISR,2000,-1.759
ISR,2001,-1.921
ISR,2002,-2.323
ISR,2003,-4.106
ISR,2004,-4.307
ISR,2005,-4.575
ISR,2006,-4.306
ISR,2007,-4.337
ISR,2008,-3.857
ISR,2009,-3.629
ISR,2010,-3.954
ISR,2011,-4.014
ISR,2012,-4.250
ISR,2013,-4.552
ISR,2014,-4.914
ISR,2015,-4.586
ISR,2016,-4.600
ITA,1990,-31.678
ITA,1991,-36.402
ITA,1992,-30.036
ITA,1993,-29.316
ITA,1994,-30.665
ITA,1995,-31.865
ITA,1996,-25.304
ITA,1997,-26.704
ITA,1998,-26.982
ITA,1999,-27.723
ITA,2000,-29.612
ITA,2001,-27.377
ITA,2002,-29.771
ITA,2003,-25.971
ITA,2004,-30.757
ITA,2005,-29.595
ITA,2006,-36.308
ITA,2007,-36.751
ITA,2008,-38.460
ITA,2009,-36.503
ITA,2010,-40.077
ITA,2011,-41.798
ITA,2012,-32.742
ITA,2013,-32.344
ITA,2014,-33.018
ITA,2015,-28.972
ITA,2016,-28.987
JAM,1990,0.165
JAM,1991,0.199
JAM,1992,0.278
JAM,1993,0.140
JAM,1994,0.238
JAM,1995,0.214
JAM,1996,0.631
JAM,1997,0.559
JAM,1998,-0.030
JAM,1999,0.082
JAM,2000,0.642
JAM,2001,0.096
JAM,2002,0.437
JAM,2003,0.175
JAM,2004,0.222
JAM,2005,-0.016
JAM,2006,-0.036
JAM,2007,-0.172
JAM,2008,-0.086
JAM,2009,-0.031
JAM,2010,-0.080
JAM,2011,-0.194
JAM,2012,-0.350
JAM,2013,-0.196
JAM,2014,-0.258
JAM,2015,-0.789
JAM,2016,-0.756
JOR,1990,-1.798
JOR,1991,-1.576
JOR,1992,-1.138
JOR,1993,-1.207
JOR,1994,-1.268
JOR,1995,-1.423
JOR,1996,-0.436
JOR,1997,-1.096
JOR,1998,-1.226
JOR,1999,-0.852
JOR,2000,-0.484
JOR,2001,-1.241
JOR,2002,-1.420
JOR,2003,-1.330
JOR,2004,-1.474
JOR,2005,-1.612
JOR,2006,-1.344
JOR,2007,-1.198
JOR,2008,-2.198
JOR,2009,-2.696
JOR,2010,-1.883
JOR,2011,-1.875
JOR,2012,-1.152
JOR,2013,-2.688
JOR,2014,-2.466
JOR,2015,-2.628
JOR,2016,-2.704
JPN,1990,-41.941
JPN,1991,-50.579
JPN,1992,-49.813
JPN,1993,-56.473
JPN,1994,-61.870
JPN,1995,-69.425
JPN,1996,-67.744
JPN,1997,-65.365
JPN,1998,-52.444
JPN,1999,-59.844
JPN,2000,-68.116
JPN,2001,-63.467
JPN,2002,-58.416
JPN,2003,-59.637
JPN,2004,-58.993
JPN,2005,-58.744
JPN,2006,-59.642
JPN,2007,-56.252
JPN,2008,-64.103
JPN,2009,-54.464
JPN,2010,-56.327
JPN,2011,-64.970
JPN,2012,-65.702
JPN,2013,-59.415
JPN,2014,-60.248
JPN,2015,-56.964
JPN,2016,-56.756
KAZ,1990,25.066
KAZ,1991,24.650
KAZ,1992,20.112
KAZ,1993,22.752
KAZ,1994,17.794
KAZ,1995,21.540
KAZ,1996,21.774
KAZ,1997,21.356
KAZ,1998,19.287
KAZ,1999,9.095
KAZ,2000,13.048
KAZ,2001,10.195
KAZ,2002,13.370
KAZ,2003,16.241
KAZ,2004,16.383
KAZ,2005,14.415
KAZ,2006,11.175
KAZ,2007,10.909
KAZ,2008,10.916
KAZ,2009,15.805
KAZ,2010,23.791
KAZ,2011,19.534
KAZ,2012,14.857
KAZ,2013,12.628
KAZ,2014,13.025
KAZ,2015,12.466
KAZ,2016,12.545
KEN,1990,-0.570
KEN,1991,-0.686
KEN,1992,-0.668
KEN,1993,-0.668
KEN,1994,-0.795
KEN,1995,-0.829
KEN,1996,-0.055
KEN,1997,-0.359
KEN,1998,-0.976
KEN,1999,-0.492
KEN,2000,0.026
KEN,2001,-0.378
KEN,2002,0.119
KEN,2003,-0.800
KEN,2004,-0.901
KEN,2005,-1.054
KEN,2006,-1.234
KEN,2007,-1.284
KEN,2008,-1.353
KEN,2009,-1.780
KEN,2010,-1.615
KEN,2011,-1.758
KEN,2012,-1.992
KEN,2013,-2.656
KEN,2014,-2.679
KEN,2015,-3.197
KEN,2016,-3.188
KGZ,1990,-0.364
KGZ,1991,-0.710
KGZ,1992,-0.966
KGZ,1993,-0.801
KGZ,1994,-0.910
KGZ,1995,-1.473
KGZ,1996,-0.731
KGZ,1997,0.123
KGZ,1998,-1.182
KGZ,1999,-0.231
KGZ,2000,-0.021
KGZ,2001,-0.018
KGZ,2002,0.092
KGZ,2003,-0.102
KGZ,2004,-0.156
KGZ,2005,-0.541
KGZ,2006,-1.192
KGZ,2007,-0.191
KGZ,2008,-0.055
KGZ,2009,-1.701
KGZ,2010,-1.528
KGZ,2011,-1.479
KGZ,2012,-1.649
KGZ,2013,-1.796
KGZ,2014,-1.898
KGZ,2015,-2.398
KGZ,2016,-2.353
KHM,1990,-0.146
KHM,1991,-0.152
KHM,1992,-0.167
KHM,1993,-0.182
KHM,1994,-0.197
KHM,1995,-0.177
KHM,1996,-0.213
KHM,1997,-0.224
KHM,1998,-0.249
KHM,1999,-0.214
KHM,2000,-0.214
KHM,2001,-0.308
KHM,2002,-0.130
KHM,2003,-0.620
KHM,2004,-0.649
KHM,2005,-0.870
KHM,2006,-1.003
KHM,2007,-1.054
KHM,2008,-1.140
KHM,2009,-0.999
KHM,2010,-1.384
KHM,2011,-1.570
KHM,2012,-1.511
KHM,2013,-2.093
KHM,2014,-2.103
KHM,2015,-2.063
KHM,2016,-2.030
KOR,1990,-19.745
KOR,1991,-23.170
KOR,1992,-21.005
KOR,1993,-21.439
KOR,1994,-22.422
KOR,1995,-22.755
KOR,1996,-25.011
KOR,1997,-22.545
KOR,1998,-5.384
KOR,1999,-13.670
KOR,2000,-15.401
KOR,2001,-10.537
KOR,2002,-14.821
KOR,2003,-12.862
KOR,2004,-11.672
KOR,2005,-17.602
KOR,2006,-21.637
KOR,2007,-20.556
KOR,2008,-25.748
KOR,2009,-13.125
KOR,2010,-15.226
KOR,2011,-14.508
KOR,2012,-11.732
KOR,2013,-10.456
KOR,2014,-13.151
KOR,2015,-11.208
KOR,2016,-10.332
KP Annex B,1990,-72.311
KP Annex B,1991,-58.448
KP Annex B,1992,-82.356
KP Annex B,1993,-96.420
KP Annex B,1994,-104.458
KP Annex B,1995,-114.761
KP Annex B,1996,-118.531
KP Annex B,1997,-125.825
KP Annex B,1998,-150.509
KP Annex B,1999,-192.322
KP Annex B,2000,-224.124
KP Annex B,2001,-210.325
KP Annex B,2002,-244.710
KP Annex B,2003,-233.195
KP Annex B,2004,-282.910
KP Annex B,2005,-299.488
KP Annex B,2006,-356.208
KP Annex B,2007,-363.590
KP Annex B,2008,-355.866
KP Annex B,2009,-319.317
KP Annex B,2010,-332.884
KP Annex B,2011,-390.127
KP Annex B,2012,-357.441
KP Annex B,2013,-333.671
KP Annex B,2014,-347.773
KP Annex B,2015,-299.455
KP Annex B,2016,-291.481
KWT,1990,1.369
KWT,1991,-2.152
KWT,1992,-0.992
KWT,1993,-0.001
KWT,1994,0.417
KWT,1995,1.837
KWT,1996,2.629
KWT,1997,2.921
KWT,1998,0.193
KWT,1999,3.901
KWT,2000,7.796
KWT,2001,7.325
KWT,2002,6.880
KWT,2003,3.494
KWT,2004,3.629
KWT,2005,3.904
KWT,2006,3.064
KWT,2007,1.757
KWT,2008,2.059
KWT,2009,4.457
KWT,2010,3.810
KWT,2011,4.075
KWT,2012,5.955
KWT,2013,3.318
KWT,2014,2.896
KWT,2015,3.449
KWT,2016,3.223
LAO,1990,-0.085
LAO,1991,-0.096
LAO,1992,-0.103
LAO,1993,-0.117
LAO,1994,-0.132
LAO,1995,-0.151
LAO,1996,-0.136
LAO,1997,-0.109
LAO,1998,-0.118
LAO,1999,-0.080
LAO,2000,-0.228
LAO,2001,-0.144
LAO,2002,-0.158
LAO,2003,-0.125
LAO,2004,-0.106
LAO,2005,-0.098
LAO,2006,-0.183
LAO,2007,-0.320
LAO,2008,-0.399
LAO,2009,-0.444
LAO,2010,-0.474
LAO,2011,-0.690
LAO,2012,-0.836
LAO,2013,-1.212
LAO,2014,-1.239
LAO,2015,-1.235
LAO,2016,-1.229
LKA,1990,-0.617
LKA,1991,-0.672
LKA,1992,-0.671
LKA,1993,-0.763
LKA,1994,-0.818
LKA,1995,-0.916
LKA,1996,-0.942
LKA,1997,-0.763
LKA,1998,-0.978
LKA,1999,-1.482
LKA,2000,-1.328
LKA,2001,-1.544
LKA,2002,-1.838
LKA,2003,-1.669
LKA,2004,-1.630
LKA,2005,-1.919
LKA,2006,-1.783
LKA,2007,-1.668
LKA,2008,-2.158
LKA,2009,-1.925
LKA,2010,-2.170
LKA,2011,-2.976
LKA,2012,-3.169
LKA,2013,-3.254
LKA,2014,-3.270
LKA,2015,-3.027
LKA,2016,-3.014
LTU,1990,-1.879
LTU,1991,-3.782
LTU,1992,-3.723
LTU,1993,-2.307
LTU,1994,-2.883
LTU,1995,-3.247
LTU,1996,-2.192
LTU,1997,-1.978
LTU,1998,-1.420
LTU,1999,-1.358
LTU,2000,-1.352
LTU,2001,-1.261
LTU,2002,-2.268
LTU,2003,-2.088
LTU,2004,-1.980
LTU,2005,-1.872
LTU,2006,-2.520
LTU,2007,-2.523
LTU,2008,-2.423
LTU,2009,-2.180
LTU,2010,-1.984
LTU,2011,-2.671
LTU,2012,-2.269
LTU,2013,-2.499
LTU,2014,-2.500
LTU,2015,-2.558
LTU,2016,-2.664
LUX,1990,0.000
LUX,1991,0.000
LUX,1992,0.000
LUX,1993,0.000
LUX,1994,0.000
LUX,1995,0.000
LUX,1996,0.000
LUX,1997,0.000
LUX,1998,0.000
LUX,1999,0.039
LUX,2000,0.408
LUX,2001,0.394
LUX,2002,0.418
LUX,2003,0.031
LUX,2004,-0.201
LUX,2005,-0.463
LUX,2006,-1.286
LUX,2007,0.103
LUX,2008,-3.603
LUX,2009,-4.064
LUX,2010,-3.663
LUX,2011,0.186
LUX,2012,-3.514
LUX,2013,-3.637
LUX,2014,-3.572
LUX,2015,-3.891
LUX,2016,-4.016
LVA,1990,-0.831
LVA,1991,-1.229
LVA,1992,-0.541
LVA,1993,-0.658
LVA,1994,-0.798
LVA,1995,-0.846
LVA,1996,-1.304
LVA,1997,-1.479
LVA,1998,-1.413
LVA,1999,-0.964
LVA,2000,-1.075
LVA,2001,-1.064
LVA,2002,-0.957
LVA,2003,-1.774
LVA,2004,-1.739
LVA,2005,-1.305
LVA,2006,-1.698
LVA,2007,-2.017
LVA,2008,-1.942
LVA,2009,-1.559
LVA,2010,-1.233
LVA,2011,-1.337
LVA,2012,-1.543
LVA,2013,-1.498
LVA,2014,-1.460
LVA,2015,-1.432
LVA,2016,-1.496
MAR,1990,-2.495
MAR,1991,-2.754
MAR,1992,-2.139
MAR,1993,-2.101
MAR,1994,-2.221
MAR,1995,-2.347
MAR,1996,-1.222
MAR,1997,-0.736
MAR,1998,-1.478
MAR,1999,-1.854
MAR,2000,-1.923
MAR,2001,-1.684
MAR,2002,-2.637
MAR,2003,-1.262
MAR,2004,-1.208
MAR,2005,-1.284
MAR,2006,-1.472
MAR,2007,-1.414
MAR,2008,-2.283
MAR,2009,-1.594
MAR,2010,-1.464
MAR,2011,-1.773
MAR,2012,-1.309
MAR,2013,-1.453
MAR,2014,-1.313
MAR,2015,-0.989
MAR,2016,-0.870
MDG,1990,-0.122
MDG,1991,-0.126
MDG,1992,-0.130
MDG,1993,-0.144
MDG,1994,-0.148
MDG,1995,-0.160
MDG,1996,-0.069
MDG,1997,-0.072
MDG,1998,-0.187
MDG,1999,-0.245
MDG,2000,-0.129
MDG,2001,-0.171
MDG,2002,-0.121
MDG,2003,-0.356
MDG,2004,-0.220
MDG,2005,-0.418
MDG,2006,-0.291
MDG,2007,-0.338
MDG,2008,-0.520
MDG,2009,-0.533
MDG,2010,-0.402
MDG,2011,-0.364
MDG,2012,-0.410
MDG,2013,-0.436
MDG,2014,-0.446
MDG,2015,-0.560
MDG,2016,-0.555
MEX,1990,0.497
MEX,1991,0.339
MEX,1992,-0.005
MEX,1993,0.420
MEX,1994,0.332
MEX,1995,1.977
MEX,1996,0.705
MEX,1997,-2.355
MEX,1998,-4.215
MEX,1999,-3.712
MEX,2000,-7.058
MEX,2001,-5.283
MEX,2002,-6.278
MEX,2003,-7.444
MEX,2004,-5.493
MEX,2005,-8.391
MEX,2006,-9.038
MEX,2007,-3.757
MEX,2008,-4.598
MEX,2009,-6.461
MEX,2010,-8.222
MEX,2011,-5.745
MEX,2012,-11.449
MEX,2013,-13.024
MEX,2014,-13.408
MEX,2015,-10.448
MEX,2016,-7.018
MLT,1990,-0.200
MLT,1991,-0.216
MLT,1992,-0.180
MLT,1993,-0.197
MLT,1994,-0.205
MLT,1995,-0.238
MLT,1996,-0.254
MLT,1997,-0.203
MLT,1998,-0.513
MLT,1999,-0.320
MLT,2000,-0.429
MLT,2001,-0.568
MLT,2002,-0.302
MLT,2003,-0.659
MLT,2004,-0.166
MLT,2005,-0.451
MLT,2006,-0.617
MLT,2007,-0.186
MLT,2008,-0.674
MLT,2009,-0.762
MLT,2010,-0.647
MLT,2011,-0.821
MLT,2012,-1.075
MLT,2013,-0.739
MLT,2014,-0.759
MLT,2015,-0.855
MLT,2016,-0.912
MNG,1990,0.232
MNG,1991,0.273
MNG,1992,0.527
MNG,1993,0.543
MNG,1994,0.375
MNG,1995,0.291
MNG,1996,0.052
MNG,1997,0.219
MNG,1998,0.230
MNG,1999,0.220
MNG,2000,0.165
MNG,2001,0.235
MNG,2002,0.245
MNG,2003,-0.051
MNG,2004,0.033
MNG,2005,-0.031
MNG,2006,-0.163
MNG,2007,-0.062
MNG,2008,-0.248
MNG,2009,-0.118
MNG,2010,-0.233
MNG,2011,-0.567
MNG,2012,-0.448
MNG,2013,0.283
MNG,2014,-0.139
MNG,2015,-0.117
MNG,2016,0.653
MOZ,1990,-0.650
MOZ,1991,-0.662
MOZ,1992,-0.651
MOZ,1993,-0.737
MOZ,1994,-0.762
MOZ,1995,-0.847
MOZ,1996,-0.439
MOZ,1997,-0.239
MOZ,1998,-0.631
MOZ,1999,-0.943
MOZ,2000,-0.975
MOZ,2001,-0.795
MOZ,2002,-0.811
MOZ,2003,-0.755
MOZ,2004,-0.717
MOZ,2005,-0.915
MOZ,2006,-1.209
MOZ,2007,-1.384
MOZ,2008,-1.587
MOZ,2009,-1.948
MOZ,2010,-1.726
MOZ,2011,-1.907
MOZ,2012,-2.128
MOZ,2013,-2.543
MOZ,2014,-2.479
MOZ,2015,-2.681
MOZ,2016,-2.707
MUS,1990,-0.356
MUS,1991,-0.377
MUS,1992,-0.370
MUS,1993,-0.417
MUS,1994,-0.459
MUS,1995,-0.504
MUS,1996,-0.595
MUS,1997,-0.593
MUS,1998,-0.497
MUS,1999,-0.499
MUS,2000,-0.524
MUS,2001,-0.416
MUS,2002,-0.458
MUS,2003,-0.494
MUS,2004,-0.533
MUS,2005,-0.383
MUS,2006,-0.408
MUS,2007,-0.344
MUS,2008,-0.395
MUS,2009,-0.387
MUS,2010,-0.301
MUS,2011,-0.421
MUS,2012,-0.358
MUS,2013,-0.356
MUS,2014,-0.332
MUS,2015,-0.757
MUS,2016,-0.751
MWI,1990,-0.226
MWI,1991,-0.233
MWI,1992,-0.233
MWI,1993,-0.265
MWI,1994,-0.277
MWI,1995,-0.307
MWI,1996,-0.363
MWI,1997,-0.376
MWI,1998,-0.372
MWI,1999,-0.373
MWI,2000,-0.331
MWI,2001,-0.305
MWI,2002,-0.383
MWI,2003,-0.343
MWI,2004,-0.304
MWI,2005,-0.338
MWI,2006,-0.307
MWI,2007,-0.294
MWI,2008,-0.372
MWI,2009,-0.477
MWI,2010,-0.491
MWI,2011,-0.395
MWI,2012,-0.301
MWI,2013,-0.525
MWI,2014,-0.539
MWI,2015,-0.488
MWI,2016,-0.487
MYS,1990,-2.051
MYS,1991,-1.382
MYS,1992,-0.471
MYS,1993,0.872
MYS,1994,0.940
MYS,1995,4.206
MYS,1996,4.100
MYS,1997,1.649
MYS,1998,6.859
MYS,1999,2.521
MYS,2000,3.346
MYS,2001,4.406
MYS,2002,1.342
MYS,2003,5.361
MYS,2004,5.374
MYS,2005,6.238
MYS,2006,4.336
MYS,2007,6.253
MYS,2008,6.107
MYS,2009,6.202
MYS,2010,6.139
MYS,2011,4.358
MYS,2012,0.103
MYS,2013,-1.928
MYS,2014,-2.039
MYS,2015,-1.375
MYS,2016,-1.185
Middle East,1990,0.944
Middle East,1991,-0.277
Middle East,1992,8.310
Middle East,1993,13.766
Middle East,1994,16.964
Middle East,1995,10.721
Middle East,1996,16.822
Middle East,1997,11.950
Middle East,1998,6.894
Middle East,1999,70.901
Middle East,2000,84.367
Middle East,2001,78.815
Middle East,2002,72.908
Middle East,2003,23.797
Middle East,2004,20.264
Middle East,2005,12.095
Middle East,2006,9.767
Middle East,2007,-15.864
Middle East,2008,-17.538
Middle East,2009,2.291
Middle East,2010,-8.425
Middle East,2011,-7.717
Middle East,2012,6.304
Middle East,2013,-15.457
Middle East,2014,-9.087
Middle East,2015,-0.522
Middle East,2016,7.932
NAM,1990,0.000
NAM,1991,0.000
NAM,1992,0.000
NAM,1993,0.000
NAM,1994,0.000
NAM,1995,0.000
NAM,1996,0.000
NAM,1997,0.000
NAM,1998,0.000
NAM,1999,0.000
NAM,2000,-1.172
NAM,2001,-1.216
NAM,2002,0.079
NAM,2003,-0.800
NAM,2004,-1.175
NAM,2005,-1.020
NAM,2006,-0.974
NAM,2007,-1.196
NAM,2008,-1.185
NAM,2009,-0.396
NAM,2010,-0.327
NAM,2011,-0.341
NAM,2012,-0.541
NAM,2013,-1.474
NAM,2014,-1.531
NAM,2015,-1.651
NAM,2016,-1.670
NGA,1990,1.657
NGA,1991,1.500
NGA,1992,1.077
NGA,1993,0.984
NGA,1994,0.225
NGA,1995,0.018
NGA,1996,-0.104
NGA,1997,-1.391
NGA,1998,-1.050
NGA,1999,1.769
NGA,2000,5.410
NGA,2001,2.198
NGA,2002,3.841
NGA,2003,3.258
NGA,2004,3.606
NGA,2005,3.837
NGA,2006,9.828
NGA,2007,2.331
NGA,2008,3.484
NGA,2009,-2.066
NGA,2010,3.001
NGA,2011,3.910
NGA,2012,5.231
NGA,2013,0.460
NGA,2014,1.664
NGA,2015,-5.319
NGA,2016,-6.502
NIC,1990,-0.099
NIC,1991,-0.148
NIC,1992,-0.142
NIC,1993,-0.147
NIC,1994,-0.152
NIC,1995,-0.148
NIC,1996,-0.132
NIC,1997,-0.176
NIC,1998,-0.206
NIC,1999,-0.217
NIC,2000,-0.209
NIC,2001,-0.234
NIC,2002,-0.268
NIC,2003,-0.326
NIC,2004,-0.283
NIC,2005,-0.340
NIC,2006,-0.338
NIC,2007,-0.381
NIC,2008,-0.310
NIC,2009,-0.351
NIC,2010,-0.382
NIC,2011,-0.390
NIC,2012,-0.523
NIC,2013,-0.396
NIC,2014,-0.400
NIC,2015,-0.528
NIC,2016,-0.523
NLD,1990,-12.645
NLD,1991,-13.513
NLD,1992,-11.857
NLD,1993,-12.293
NLD,1994,-12.483
NLD,1995,-13.827
NLD,1996,-10.611
NLD,1997,-10.832
NLD,1998,-12.475
NLD,1999,-6.924
NLD,2000,-6.912
NLD,2001,-4.602
NLD,2002,-6.372
NLD,2003,-3.369
NLD,2004,-3.067
NLD,2005,-4.248
NLD,2006,-10.885
NLD,2007,-1.194
NLD,2008,-1.393
NLD,2009,-1.890
NLD,2010,-0.198
NLD,2011,-0.206
NLD,2012,0.022
NLD,2013,0.845
NLD,2014,0.006
NLD,2015,2.846
NLD,2016,3.618
NOR,1990,-0.521
NOR,1991,-1.395
NOR,1992,-0.781
NOR,1993,-0.784
NOR,1994,-0.748
NOR,1995,-1.093
NOR,1996,-1.009
NOR,1997,-1.110
NOR,1998,-1.469
NOR,1999,2.567
NOR,2000,2.881
NOR,2001,3.469
NOR,2002,2.326
NOR,2003,1.163
NOR,2004,1.064
NOR,2005,-0.157
NOR,2006,-1.374
NOR,2007,-2.174
NOR,2008,-2.165
NOR,2009,-1.541
NOR,2010,-1.483
NOR,2011,-2.030
NOR,2012,-1.906
NOR,2013,-1.570
NOR,2014,-1.516
NOR,2015,-1.028
NOR,2016,-1.292
NPL,1990,-0.118
NPL,1991,-0.130
NPL,1992,-0.124
NPL,1993,-0.136
NPL,1994,-0.148
NPL,1995,-0.155
NPL,1996,-0.149
NPL,1997,-0.114
NPL,1998,-0.558
NPL,1999,-0.892
NPL,2000,-0.248
NPL,2001,-0.233
NPL,2002,-0.350
NPL,2003,-0.627
NPL,2004,-0.465
NPL,2005,-0.430
NPL,2006,-0.479
NPL,2007,-0.568
NPL,2008,-0.580
NPL,2009,-0.963
NPL,2010,-1.302
NPL,2011,-1.363
NPL,2012,-1.307
NPL,2013,-1.773
NPL,2014,-1.798
NPL,2015,-1.670
NPL,2016,-1.690
NZL,1990,-0.395
NZL,1991,-0.314
NZL,1992,-0.232
NZL,1993,-0.402
NZL,1994,-0.488
NZL,1995,-0.713
NZL,1996,-0.823
NZL,1997,-0.769
NZL,1998,-0.476
NZL,1999,-1.280
NZL,2000,-0.873
NZL,2001,-0.606
NZL,2002,-0.802
NZL,2003,-0.585
NZL,2004,-1.094
NZL,2005,-1.088
NZL,2006,-0.562
NZL,2007,-1.019
NZL,2008,-1.142
NZL,2009,-0.464
NZL,2010,-0.585
NZL,2011,-1.147
NZL,2012,-0.958
NZL,2013,-1.191
NZL,2014,-1.248
NZL,2015,-1.099
NZL,2016,-1.310
Non KP Annex B,1990,72.311
Non KP Annex B,1991,58.448
Non KP Annex B,1992,82.356
Non KP Annex B,1993,96.420
Non KP Annex B,1994,104.458
Non KP Annex B,1995,114.761
Non KP Annex B,1996,118.531
Non KP Annex B,1997,125.825
Non KP Annex B,1998,150.509
Non KP Annex B,1999,192.322
Non KP Annex B,2000,224.124
Non KP Annex B,2001,210.325
Non KP Annex B,2002,244.710
Non KP Annex B,2003,233.195
Non KP Annex B,2004,282.910
Non KP Annex B,2005,299.488
Non KP Annex B,2006,356.208
Non KP Annex B,2007,363.590
Non KP Annex B,2008,355.866
Non KP Annex B,2009,319.317
Non KP Annex B,2010,332.884
Non KP Annex B,2011,390.127
Non KP Annex B,2012,357.441
Non KP Annex B,2013,333.671
Non KP Annex B,2014,347.773
Non KP Annex B,2015,299.455
Non KP Annex B,2016,291.481
Non-OECD,1990,234.259
Non-OECD,1991,283.022
Non-OECD,1992,235.652
Non-OECD,1993,253.075
Non-OECD,1994,269.607
Non-OECD,1995,292.728
Non-OECD,1996,261.865
Non-OECD,1997,273.754
Non-OECD,1998,300.215
Non-OECD,1999,320.343
Non-OECD,2000,353.052
Non-OECD,2001,321.757
Non-OECD,2002,367.648
Non-OECD,2003,362.933
Non-OECD,2004,419.191
Non-OECD,2005,434.950
Non-OECD,2006,506.161
Non-OECD,2007,494.614
Non-OECD,2008,483.832
Non-OECD,2009,433.824
Non-OECD,2010,460.665
Non-OECD,2011,503.989
Non-OECD,2012,464.646
Non-OECD,2013,442.780
Non-OECD,2014,457.115
Non-OECD,2015,412.296
Non-OECD,2016,403.211
North America,1990,3.764
North America,1991,-1.511
North America,1992,7.505
North America,1993,3.309
North America,1994,1.320
North America,1995,2.299
North America,1996,7.505
North America,1997,-5.019
North America,1998,-35.544
North America,1999,-63.803
North America,2000,-81.387
North America,2001,-79.878
North America,2002,-102.531
North America,2003,-100.314
North America,2004,-118.776
North America,2005,-128.101
North America,2006,-149.781
North America,2007,-134.088
North America,2008,-118.154
North America,2009,-105.887
North America,2010,-114.632
North America,2011,-126.780
North America,2012,-138.753
North America,2013,-131.833
North America,2014,-132.461
North America,2015,-124.253
North America,2016,-122.709
OECD,1990,-234.210
OECD,1991,-282.900
OECD,1992,-235.561
OECD,1993,-253.000
OECD,1994,-269.521
OECD,1995,-292.621
OECD,1996,-261.721
OECD,1997,-273.715
OECD,1998,-299.959
OECD,1999,-320.324
OECD,2000,-352.988
OECD,2001,-321.634
OECD,2002,-367.698
OECD,2003,-362.865
OECD,2004,-419.100
OECD,2005,-434.719
OECD,2006,-505.860
OECD,2007,-494.459
OECD,2008,-483.809
OECD,2009,-433.998
OECD,2010,-460.719
OECD,2011,-504.055
OECD,2012,-464.716
OECD,2013,-442.978
OECD,2014,-457.300
OECD,2015,-412.520
OECD,2016,-403.439
OMN,1990,-0.013
OMN,1991,-0.075
OMN,1992,-0.064
OMN,1993,-0.110
OMN,1994,-0.025
OMN,1995,0.025
OMN,1996,0.098
OMN,1997,0.147
OMN,1998,-0.070
OMN,1999,1.597
OMN,2000,1.462
OMN,2001,1.186
OMN,2002,1.727
OMN,2003,2.063
OMN,2004,1.835
OMN,2005,2.261
OMN,2006,1.526
OMN,2007,1.507
OMN,2008,0.649
OMN,2009,0.136
OMN,2010,1.955
OMN,2011,2.828
OMN,2012,1.098
OMN,2013,1.262
OMN,2014,0.620
OMN,2015,-0.081
OMN,2016,-0.874
Oceania,1990,11.381
Oceania,1991,12.291
Oceania,1992,12.956
Oceania,1993,13.814
Oceania,1994,13.146
Oceania,1995,14.332
Oceania,1996,15.084
Oceania,1997,15.066
Oceania,1998,15.265
Oceania,1999,17.558
Oceania,2000,19.924
Oceania,2001,21.053
Oceania,2002,17.803
Oceania,2003,17.872
Oceania,2004,16.263
Oceania,2005,15.056
Oceania,2006,11.781
Oceania,2007,10.417
Oceania,2008,7.238
Oceania,2009,6.181
Oceania,2010,3.804
Oceania,2011,-0.146
Oceania,2012,-1.636
Oceania,2013,1.069
Oceania,2014,1.483
Oceania,2015,5.383
Oceania,2016,7.874
PAK,1990,-1.438
PAK,1991,-1.141
PAK,1992,-1.011
PAK,1993,-1.156
PAK,1994,-1.221
PAK,1995,-1.618
PAK,1996,-2.035
PAK,1997,-1.544
PAK,1998,-1.064
PAK,1999,-3.219
PAK,2000,-2.926
PAK,2001,-2.378
PAK,2002,-3.053
PAK,2003,-1.558
PAK,2004,-2.248
PAK,2005,-3.779
PAK,2006,-3.163
PAK,2007,-2.141
PAK,2008,-2.404
PAK,2009,-2.624
PAK,2010,-2.022
PAK,2011,-2.323
PAK,2012,-3.322
PAK,2013,-3.195
PAK,2014,-3.629
PAK,2015,-3.606
PAK,2016,-3.637
PAN,1990,0.050
PAN,1991,0.174
PAN,1992,0.245
PAN,1993,0.109
PAN,1994,0.117
PAN,1995,-0.077
PAN,1996,0.047
PAN,1997,0.085
PAN,1998,-0.011
PAN,1999,-0.207
PAN,2000,-0.045
PAN,2001,0.170
PAN,2002,-0.127
PAN,2003,1.172
PAN,2004,1.060
PAN,2005,1.602
PAN,2006,1.773
PAN,2007,1.613
PAN,2008,0.400
PAN,2009,-2.033
PAN,2010,-3.796
PAN,2011,-1.565
PAN,2012,-4.135
PAN,2013,-3.073
PAN,2014,-3.617
PAN,2015,-5.025
PAN,2016,-4.902
PER,1990,-0.447
PER,1991,-0.481
PER,1992,-0.441
PER,1993,-0.439
PER,1994,-0.550
PER,1995,-0.712
PER,1996,-0.567
PER,1997,-0.745
PER,1998,-0.859
PER,1999,-1.047
PER,2000,-0.932
PER,2001,-0.832
PER,2002,-1.190
PER,2003,-0.359
PER,2004,0.233
PER,2005,0.505
PER,2006,-0.226
PER,2007,0.168
PER,2008,-1.598
PER,2009,0.094
PER,2010,-0.988
PER,2011,-1.961
PER,2012,-2.361
PER,2013,-2.702
PER,2014,-2.755
PER,2015,-2.271
PER,2016,-1.636
PHL,1990,-4.508
PHL,1991,-5.235
PHL,1992,-4.398
PHL,1993,-4.671
PHL,1994,-4.630
PHL,1995,-4.605
PHL,1996,-4.500
PHL,1997,-4.716
PHL,1998,-3.791
PHL,1999,-4.899
PHL,2000,-5.489
PHL,2001,-5.478
PHL,2002,-4.731
PHL,2003,-6.178
PHL,2004,-4.968
PHL,2005,-5.510
PHL,2006,-5.262
PHL,2007,-5.332
PHL,2008,-5.643
PHL,2009,-5.137
PHL,2010,-5.695
PHL,2011,-6.220
PHL,2012,-6.738
PHL,2013,-7.954
PHL,2014,-7.573
PHL,2015,-6.598
PHL,2016,-6.086
POL,1990,4.074
POL,1991,2.537
POL,1992,6.803
POL,1993,7.126
POL,1994,8.222
POL,1995,10.160
POL,1996,13.439
POL,1997,12.824
POL,1998,12.235
POL,1999,7.516
POL,2000,8.926
POL,2001,8.932
POL,2002,8.139
POL,2003,10.669
POL,2004,9.456
POL,2005,10.270
POL,2006,9.202
POL,2007,6.223
POL,2008,4.688
POL,2009,2.786
POL,2010,3.458
POL,2011,2.445
POL,2012,2.176
POL,2013,3.574
POL,2014,3.168
POL,2015,4.418
POL,2016,6.500
PRT,1990,-2.209
PRT,1991,-2.485
PRT,1992,-2.204
PRT,1993,-2.494
PRT,1994,-2.717
PRT,1995,-2.788
PRT,1996,-2.744
PRT,1997,-3.220
PRT,1998,-3.390
PRT,1999,-2.501
PRT,2000,-3.859
PRT,2001,-3.521
PRT,2002,-3.367
PRT,2003,-3.856
PRT,2004,-4.195
PRT,2005,-4.601
PRT,2006,-4.405
PRT,2007,-3.734
PRT,2008,-3.924
PRT,2009,-2.895
PRT,2010,-3.452
PRT,2011,-2.995
PRT,2012,-2.102
PRT,2013,-2.083
PRT,2014,-2.081
PRT,2015,-1.203
PRT,2016,-1.236
PRY,1990,-0.380
PRY,1991,-0.391
PRY,1992,-0.403
PRY,1993,-0.371
PRY,1994,-0.377
PRY,1995,-0.380
PRY,1996,-0.372
PRY,1997,-0.437
PRY,1998,-0.364
PRY,1999,-0.350
PRY,2000,-0.382
PRY,2001,-0.361
PRY,2002,-0.152
PRY,2003,-0.200
PRY,2004,-0.266
PRY,2005,-0.331
PRY,2006,-0.418
PRY,2007,-0.471
PRY,2008,-0.778
PRY,2009,-0.668
PRY,2010,-0.904
PRY,2011,-0.820
PRY,2012,-0.948
PRY,2013,-1.003
PRY,2014,-1.019
PRY,2015,-1.321
PRY,2016,-1.302
QAT,1990,0.406
QAT,1991,0.806
QAT,1992,1.689
QAT,1993,1.884
QAT,1994,1.824
QAT,1995,1.772
QAT,1996,1.742
QAT,1997,2.547
QAT,1998,2.170
QAT,1999,5.098
QAT,2000,5.333
QAT,2001,6.079
QAT,2002,5.581
QAT,2003,4.522
QAT,2004,5.432
QAT,2005,5.823
QAT,2006,8.019
QAT,2007,7.008
QAT,2008,5.391
QAT,2009,4.842
QAT,2010,5.028
QAT,2011,6.902
QAT,2012,7.741
QAT,2013,6.364
QAT,2014,8.506
QAT,2015,9.712
QAT,2016,9.370
ROU,1990,1.469
ROU,1991,-0.359
ROU,1992,0.964
ROU,1993,1.188
ROU,1994,1.736
ROU,1995,2.313
ROU,1996,3.728
ROU,1997,4.374
ROU,1998,3.387
ROU,1999,1.742
ROU,2000,1.818
ROU,2001,1.823
ROU,2002,1.905
ROU,2003,1.972
ROU,2004,1.089
ROU,2005,0.339
ROU,2006,-1.828
ROU,2007,-0.118
ROU,2008,-2.243
ROU,2009,-1.034
ROU,2010,-1.811
ROU,2011,-1.052
ROU,2012,-0.515
ROU,2013,-0.106
ROU,2014,0.139
ROU,2015,0.377
ROU,2016,0.268
RUS,1990,28.572
RUS,1991,106.894
RUS,1992,70.935
RUS,1993,76.608
RUS,1994,82.491
RUS,1995,89.667
RUS,1996,73.263
RUS,1997,75.370
RUS,1998,88.156
RUS,1999,80.702
RUS,2000,73.008
RUS,2001,72.006
RUS,2002,77.059
RUS,2003,75.247
RUS,2004,77.967
RUS,2005,72.898
RUS,2006,84.186
RUS,2007,72.514
RUS,2008,69.586
RUS,2009,77.650
RUS,2010,78.120
RUS,2011,70.384
RUS,2012,61.649
RUS,2013,61.594
RUS,2014,62.330
RUS,2015,73.974
RUS,2016,78.436
RWA,1990,0.000
RWA,1991,0.000
RWA,1992,0.000
RWA,1993,0.000
RWA,1994,0.000
RWA,1995,0.000
RWA,1996,0.000
RWA,1997,0.000
RWA,1998,0.000
RWA,1999,0.000
RWA,2000,0.000
RWA,2001,0.000
RWA,2002,0.000
RWA,2003,0.000
RWA,2004,0.000
RWA,2005,0.000
RWA,2006,0.000
RWA,2007,0.000
RWA,2008,0.000
RWA,2009,0.000
RWA,2010,0.000
RWA,2011,0.000
RWA,2012,0.000
RWA,2013,0.000
RWA,2014,0.000
RWA,2015,0.000
RWA,2016,0.000
SAU,1990,10.350
SAU,1991,15.922
SAU,1992,17.625
SAU,1993,17.695
SAU,1994,17.264
SAU,1995,12.103
SAU,1996,13.686
SAU,1997,10.928
SAU,1998,6.625
SAU,1999,24.738
SAU,2000,36.545
SAU,2001,35.153
SAU,2002,34.610
SAU,2003,12.484
SAU,2004,16.917
SAU,2005,14.029
SAU,2006,10.821
SAU,2007,6.771
SAU,2008,5.267
SAU,2009,8.253
SAU,2010,7.997
SAU,2011,5.368
SAU,2012,8.373
SAU,2013,-0.484
SAU,2014,0.216
SAU,2015,1.077
SAU,2016,2.887
SEN,1990,0.008
SEN,1991,0.012
SEN,1992,-0.007
SEN,1993,-0.011
SEN,1994,0.019
SEN,1995,-0.025
SEN,1996,-0.137
SEN,1997,-0.204
SEN,1998,-0.207
SEN,1999,-0.191
SEN,2000,-0.122
SEN,2001,-0.196
SEN,2002,-0.420
SEN,2003,-0.214
SEN,2004,-0.218
SEN,2005,-0.287
SEN,2006,-0.392
SEN,2007,-0.414
SEN,2008,-0.524
SEN,2009,-0.344
SEN,2010,-0.059
SEN,2011,-0.070
SEN,2012,-0.285
SEN,2013,-0.211
SEN,2014,-0.183
SEN,2015,-0.736
SEN,2016,-0.713
SGP,1990,-6.361
SGP,1991,-7.665
SGP,1992,-7.951
SGP,1993,-8.685
SGP,1994,-7.810
SGP,1995,-12.542
SGP,1996,-14.063
SGP,1997,-14.243
SGP,1998,-11.187
SGP,1999,-14.362
SGP,2000,-18.951
SGP,2001,-14.951
SGP,2002,-15.749
SGP,2003,-19.758
SGP,2004,-21.069
SGP,2005,-27.079
SGP,2006,-33.065
SGP,2007,-20.817
SGP,2008,-20.209
SGP,2009,-13.962
SGP,2010,-16.385
SGP,2011,-18.259
SGP,2012,-22.480
SGP,2013,-18.307
SGP,2014,-18.679
SGP,2015,-17.112
SGP,2016,-16.405
SLV,1990,-0.369
SLV,1991,-0.376
SLV,1992,-0.401
SLV,1993,-0.383
SLV,1994,-0.403
SLV,1995,-0.428
SLV,1996,-0.460
SLV,1997,-0.552
SLV,1998,-0.743
SLV,1999,-0.630
SLV,2000,-0.618
SLV,2001,-0.823
SLV,2002,-0.854
SLV,2003,-0.766
SLV,2004,-0.741
SLV,2005,-0.674
SLV,2006,-0.637
SLV,2007,-0.633
SLV,2008,-0.715
SLV,2009,-0.496
SLV,2010,-0.545
SLV,2011,-0.634
SLV,2012,-0.625
SLV,2013,-0.683
SLV,2014,-0.735
SLV,2015,-0.858
SLV,2016,-0.850
SVK,1990,-3.993
SVK,1991,-3.324
SVK,1992,-0.678
SVK,1993,-0.869
SVK,1994,-0.560
SVK,1995,-1.055
SVK,1996,-1.508
SVK,1997,-1.708
SVK,1998,-1.509
SVK,1999,-0.277
SVK,2000,-0.696
SVK,2001,-0.835
SVK,2002,-1.144
SVK,2003,-0.721
SVK,2004,-0.591
SVK,2005,-0.653
SVK,2006,-1.526
SVK,2007,-2.181
SVK,2008,-2.886
SVK,2009,-2.656
SVK,2010,-2.982
SVK,2011,-3.302
SVK,2012,-2.882
SVK,2013,-3.300
SVK,2014,-3.500
SVK,2015,-3.460
SVK,2016,-3.482
SVN,1990,-0.118
SVN,1991,-0.572
SVN,1992,-0.588
SVN,1993,-0.640
SVN,1994,-0.589
SVN,1995,-0.726
SVN,1996,-0.522
SVN,1997,-0.556
SVN,1998,-0.724
SVN,1999,-0.559
SVN,2000,-0.733
SVN,2001,-0.508
SVN,2002,-0.552
SVN,2003,-0.609
SVN,2004,-0.497
SVN,2005,-0.570
SVN,2006,-0.982
SVN,2007,-1.096
SVN,2008,-0.984
SVN,2009,-0.986
SVN,2010,-1.198
SVN,2011,-1.689
SVN,2012,-0.974
SVN,2013,-1.075
SVN,2014,-1.235
SVN,2015,-0.771
SVN,2016,-0.617
SWE,1990,-5.702
SWE,1991,-6.772
SWE,1992,-6.359
SWE,1993,-6.274
SWE,1994,-6.410
SWE,1995,-6.682
SWE,1996,-6.984
SWE,1997,-6.994
SWE,1998,-7.241
SWE,1999,-6.653
SWE,2000,-7.243
SWE,2001,-6.192
SWE,2002,-6.560
SWE,2003,-7.569
SWE,2004,-8.119
SWE,2005,-8.361
SWE,2006,-8.901
SWE,2007,-9.955
SWE,2008,-9.436
SWE,2009,-7.637
SWE,2010,-8.867
SWE,2011,-8.761
SWE,2012,-8.320
SWE,2013,-7.831
SWE,2014,-7.810
SWE,2015,-7.420
SWE,2016,-7.564
South America,1990,1.862
South America,1991,-0.462
South America,1992,-0.792
South America,1993,1.294
South America,1994,1.785
South America,1995,1.403
South America,1996,1.138
South America,1997,-1.823
South America,1998,1.056
South America,1999,28.869
South America,2000,24.575
South America,2001,27.328
South America,2002,38.281
South America,2003,26.236
South America,2004,21.169
South America,2005,18.527
South America,2006,15.031
South America,2007,6.750
South America,2008,-3.799
South America,2009,-0.071
South America,2010,-11.279
South America,2011,-19.035
South America,2012,-22.735
South America,2013,-25.503
South America,2014,-26.050
South America,2015,-21.074
South America,2016,-18.097
Statistical Difference,1959,0.000
Statistical Difference,1960,0.000
Statistical Difference,1961,0.000
Statistical Difference,1962,0.000
Statistical Difference,1963,0.000
Statistical Difference,1964,0.000
Statistical Difference,1965,0.000
Statistical Difference,1966,0.000
Statistical Difference,1967,0.000
Statistical Difference,1968,0.000
Statistical Difference,1969,0.000
Statistical Difference,1970,0.000
Statistical Difference,1971,0.000
Statistical Difference,1972,0.000
Statistical Difference,1973,0.000
Statistical Difference,1974,0.000
Statistical Difference,1975,0.000
Statistical Difference,1976,0.000
Statistical Difference,1977,0.000
Statistical Difference,1978,0.000
Statistical Difference,1979,0.000
Statistical Difference,1980,0.000
Statistical Difference,1981,0.000
Statistical Difference,1982,0.000
Statistical Difference,1983,0.000
Statistical Difference,1984,0.000
Statistical Difference,1985,0.000
Statistical Difference,1986,0.000
Statistical Difference,1987,0.000
Statistical Difference,1988,0.000
Statistical Difference,1989,0.000
Statistical Difference,1990,0.000
Statistical Difference,1991,0.000
Statistical Difference,1992,0.000
Statistical Difference,1993,0.000
Statistical Difference,1994,0.000
Statistical Difference,1995,0.000
Statistical Difference,1996,0.000
Statistical Difference,1997,0.000
Statistical Difference,1998,0.000
Statistical Difference,1999,0.000
Statistical Difference,2000,0.000
Statistical Difference,2001,0.000
Statistical Difference,2002,0.000
Statistical Difference,2003,0.000
Statistical Difference,2004,0.000
Statistical Difference,2005,0.000
Statistical Difference,2006,0.000
Statistical Difference,2007,0.000
Statistical Difference,2008,0.000
Statistical Difference,2009,0.000
Statistical Difference,2010,0.000
Statistical Difference,2011,0.000
Statistical Difference,2012,0.000
Statistical Difference,2013,0.000
Statistical Difference,2014,0.000
Statistical Difference,2015,0.000
Statistical Difference,2016,0.000
Statistical Difference,2017,0.000
TGO,1990,-0.085
TGO,1991,-0.087
TGO,1992,-0.099
TGO,1993,-0.113
TGO,1994,-0.128
TGO,1995,-0.135
TGO,1996,-0.115
TGO,1997,-0.126
TGO,1998,-0.167
TGO,1999,-0.034
TGO,2000,-0.037
TGO,2001,-0.128
TGO,2002,-0.144
TGO,2003,-0.215
TGO,2004,-0.219
TGO,2005,-0.371
TGO,2006,-0.474
TGO,2007,-0.787
TGO,2008,-0.598
TGO,2009,-0.438
TGO,2010,-0.569
TGO,2011,-0.559
TGO,2012,-1.567
TGO,2013,-1.259
TGO,2014,-1.326
TGO,2015,-1.341
TGO,2016,-1.307
THA,1990,-5.313
THA,1991,-7.268
THA,1992,-5.698
THA,1993,-5.295
THA,1994,-5.144
THA,1995,-4.272
THA,1996,-3.620
THA,1997,-0.421
THA,1998,6.192
THA,1999,3.728
THA,2000,3.148
THA,2001,4.892
THA,2002,8.243
THA,2003,5.407
THA,2004,4.064
THA,2005,2.809
THA,2006,5.899
THA,2007,6.661
THA,2008,3.548
THA,2009,6.434
THA,2010,4.329
THA,2011,1.554
THA,2012,0.593
THA,2013,1.240
THA,2014,2.275
THA,2015,3.340
THA,2016,4.585
TTO,1990,1.048
TTO,1991,1.005
TTO,1992,1.212
TTO,1993,1.124
TTO,1994,1.146
TTO,1995,1.194
TTO,1996,1.314
TTO,1997,1.031
TTO,1998,0.989
TTO,1999,1.560
TTO,2000,2.190
TTO,2001,2.515
TTO,2002,2.330
TTO,2003,4.368
TTO,2004,4.745
TTO,2005,7.080
TTO,2006,9.818
TTO,2007,8.414
TTO,2008,8.377
TTO,2009,6.209
TTO,2010,6.861
TTO,2011,7.377
TTO,2012,6.768
TTO,2013,7.531
TTO,2014,7.069
TTO,2015,8.313
TTO,2016,6.343
TUN,1990,-0.261
TUN,1991,-0.498
TUN,1992,-0.373
TUN,1993,-0.311
TUN,1994,-0.299
TUN,1995,-0.522
TUN,1996,-0.901
TUN,1997,-1.458
TUN,1998,-0.566
TUN,1999,-0.226
TUN,2000,-0.514
TUN,2001,0.129
TUN,2002,0.004
TUN,2003,0.462
TUN,2004,0.456
TUN,2005,0.691
TUN,2006,0.488
TUN,2007,0.718
TUN,2008,0.204
TUN,2009,0.352
TUN,2010,0.583
TUN,2011,0.450
TUN,2012,0.840
TUN,2013,0.508
TUN,2014,0.520
TUN,2015,-1.843
TUN,2016,-1.836
TUR,1990,-19.484
TUR,1991,-19.612
TUR,1992,-14.177
TUR,1993,-12.798
TUR,1994,-12.234
TUR,1995,-13.018
TUR,1996,-5.865
TUR,1997,-7.428
TUR,1998,-7.348
TUR,1999,-5.850
TUR,2000,-8.155
TUR,2001,-2.456
TUR,2002,-5.429
TUR,2003,-5.162
TUR,2004,-9.873
TUR,2005,-10.493
TUR,2006,-10.711
TUR,2007,-13.846
TUR,2008,-13.150
TUR,2009,-7.505
TUR,2010,-14.093
TUR,2011,-13.348
TUR,2012,-12.258
TUR,2013,-15.664
TUR,2014,-14.726
TUR,2015,-13.249
TUR,2016,-13.444
TWN,1990,-11.743
TWN,1991,-13.862
TWN,1992,-11.019
TWN,1993,-11.330
TWN,1994,-12.655
TWN,1995,-13.156
TWN,1996,-8.483
TWN,1997,-10.918
TWN,1998,-8.118
TWN,1999,-8.569
TWN,2000,-9.376
TWN,2001,-1.921
TWN,2002,-7.134
TWN,2003,-2.784
TWN,2004,-7.987
TWN,2005,-4.800
TWN,2006,-2.976
TWN,2007,-3.097
TWN,2008,-2.217
TWN,2009,-0.231
TWN,2010,-3.303
TWN,2011,-1.437
TWN,2012,-3.695
TWN,2013,-2.046
TWN,2014,-2.019
TWN,2015,-1.438
TWN,2016,-0.442
TZA,1990,-0.356
TZA,1991,-0.379
TZA,1992,-0.382
TZA,1993,-0.413
TZA,1994,-0.452
TZA,1995,-0.420
TZA,1996,-0.320
TZA,1997,-0.459
TZA,1998,-0.530
TZA,1999,-0.593
TZA,2000,-0.646
TZA,2001,-0.608
TZA,2002,-0.619
TZA,2003,-0.710
TZA,2004,-0.737
TZA,2005,-0.751
TZA,2006,-0.941
TZA,2007,-0.884
TZA,2008,-1.207
TZA,2009,-1.315
TZA,2010,-1.298
TZA,2011,-1.629
TZA,2012,-1.812
TZA,2013,-2.318
TZA,2014,-2.354
TZA,2015,-2.589
TZA,2016,-2.582
UGA,1990,-0.209
UGA,1991,-0.212
UGA,1992,-0.226
UGA,1993,-0.274
UGA,1994,-0.270
UGA,1995,-0.301
UGA,1996,-0.184
UGA,1997,-0.225
UGA,1998,-0.406
UGA,1999,-0.418
UGA,2000,-0.263
UGA,2001,-0.387
UGA,2002,-0.280
UGA,2003,-0.385
UGA,2004,-0.388
UGA,2005,-0.397
UGA,2006,-0.505
UGA,2007,-0.453
UGA,2008,-0.521
UGA,2009,-0.682
UGA,2010,-0.650
UGA,2011,-0.645
UGA,2012,-0.734
UGA,2013,-0.690
UGA,2014,-0.775
UGA,2015,-0.737
UGA,2016,-0.745
UKR,1990,86.535
UKR,1991,74.023
UKR,1992,44.478
UKR,1993,41.780
UKR,1994,44.373
UKR,1995,49.693
UKR,1996,33.632
UKR,1997,33.912
UKR,1998,38.625
UKR,1999,21.705
UKR,2000,24.184
UKR,2001,19.334
UKR,2002,18.217
UKR,2003,27.412
UKR,2004,30.484
UKR,2005,24.694
UKR,2006,27.250
UKR,2007,21.569
UKR,2008,18.305
UKR,2009,12.502
UKR,2010,12.529
UKR,2011,10.063
UKR,2012,8.054
UKR,2013,6.062
UKR,2014,2.108
UKR,2015,-0.669
UKR,2016,-1.169
URY,1990,-0.311
URY,1991,-0.292
URY,1992,-0.297
URY,1993,-0.339
URY,1994,-0.385
URY,1995,-0.426
URY,1996,-0.565
URY,1997,-0.750
URY,1998,-0.871
URY,1999,-0.871
URY,2000,-0.836
URY,2001,-0.718
URY,2002,-0.405
URY,2003,-0.520
URY,2004,-0.561
URY,2005,-0.639
URY,2006,-0.583
URY,2007,-0.722
URY,2008,-0.709
URY,2009,-0.604
URY,2010,-1.059
URY,2011,-1.066
URY,2012,-1.350
URY,2013,-1.473
URY,2014,-1.567
URY,2015,-1.829
URY,2016,-1.810
USA,1990,7.021
USA,1991,3.696
USA,1992,11.921
USA,1993,6.578
USA,1994,3.719
USA,1995,3.485
USA,1996,9.223
USA,1997,5.119
USA,1998,-23.559
USA,1999,-56.219
USA,2000,-69.952
USA,2001,-72.847
USA,2002,-92.208
USA,2003,-97.307
USA,2004,-115.732
USA,2005,-117.096
USA,2006,-140.706
USA,2007,-128.934
USA,2008,-108.780
USA,2009,-93.208
USA,2010,-95.248
USA,2011,-120.144
USA,2012,-117.111
USA,2013,-107.718
USA,2014,-108.332
USA,2015,-108.126
USA,2016,-110.988
VEN,1990,9.742
VEN,1991,8.206
VEN,1992,6.541
VEN,1993,9.072
VEN,1994,10.704
VEN,1995,10.819
VEN,1996,10.797
VEN,1997,10.956
VEN,1998,14.621
VEN,1999,33.875
VEN,2000,29.346
VEN,2001,31.036
VEN,2002,38.074
VEN,2003,22.741
VEN,2004,15.702
VEN,2005,15.019
VEN,2006,17.126
VEN,2007,12.366
VEN,2008,12.175
VEN,2009,6.071
VEN,2010,6.184
VEN,2011,4.519
VEN,2012,3.428
VEN,2013,3.295
VEN,2014,3.489
VEN,2015,4.473
VEN,2016,5.060
VNM,1990,-0.352
VNM,1991,-0.327
VNM,1992,-0.353
VNM,1993,-0.606
VNM,1994,-0.488
VNM,1995,-0.540
VNM,1996,-0.782
VNM,1997,-0.109
VNM,1998,0.066
VNM,1999,1.212
VNM,2000,1.453
VNM,2001,1.602
VNM,2002,1.588
VNM,2003,-1.656
VNM,2004,-1.190
VNM,2005,-0.937
VNM,2006,-1.927
VNM,2007,-3.502
VNM,2008,-4.449
VNM,2009,-3.862
VNM,2010,-4.449
VNM,2011,-4.543
VNM,2012,-5.670
VNM,2013,-11.377
VNM,2014,-9.308
VNM,2015,-4.468
VNM,2016,-1.911
World,1959,0.000
World,1960,0.000
World,1961,0.000
World,1962,0.000
World,1963,0.000
World,1964,0.000
World,1965,0.000
World,1966,0.000
World,1967,0.000
World,1968,0.000
World,1969,0.000
World,1970,0.000
World,1971,0.000
World,1972,0.000
World,1973,0.000
World,1974,0.000
World,1975,0.000
World,1976,0.000
World,1977,0.000
World,1978,0.000
World,1979,0.000
World,1980,0.000
World,1981,0.000
World,1982,0.000
World,1983,0.000
World,1984,0.000
World,1985,0.000
World,1986,0.000
World,1987,0.000
World,1988,0.000
World,1989,0.000
World,1990,0.000
World,1991,0.000
World,1992,0.000
World,1993,0.000
World,1994,0.000
World,1995,0.000
World,1996,0.000
World,1997,0.000
World,1998,0.000
World,1999,0.000
World,2000,0.000
World,2001,0.000
World,2002,0.000
World,2003,0.000
World,2004,0.000
World,2005,0.000
World,2006,0.000
World,2007,0.000
World,2008,0.000
World,2009,0.000
World,2010,0.000
World,2011,0.000
World,2012,0.000
World,2013,0.000
World,2014,0.000
World,2015,0.000
World,2016,0.000
World,2017,0.000
ZAF,1990,29.184
ZAF,1991,29.906
ZAF,1992,29.068
ZAF,1993,33.388
ZAF,1994,34.360
ZAF,1995,38.997
ZAF,1996,40.137
ZAF,1997,44.273
ZAF,1998,43.819
ZAF,1999,34.389
ZAF,2000,35.067
ZAF,2001,35.540
ZAF,2002,31.620
ZAF,2003,40.433
ZAF,2004,43.146
ZAF,2005,39.281
ZAF,2006,37.040
ZAF,2007,39.825
ZAF,2008,42.045
ZAF,2009,40.512
ZAF,2010,37.677
ZAF,2011,35.342
ZAF,2012,33.188
ZAF,2013,32.084
ZAF,2014,35.115
ZAF,2015,35.122
ZAF,2016,36.230
ZMB,1990,-0.315
ZMB,1991,-0.348
ZMB,1992,-0.336
ZMB,1993,-0.377
ZMB,1994,-0.398
ZMB,1995,-0.501
ZMB,1996,-0.532
ZMB,1997,-0.674
ZMB,1998,-0.604
ZMB,1999,-0.510
ZMB,2000,-0.726
ZMB,2001,-0.645
ZMB,2002,-0.555
ZMB,2003,-0.511
ZMB,2004,-0.422
ZMB,2005,-0.403
ZMB,2006,-0.595
ZMB,2007,-0.905
ZMB,2008,-1.205
ZMB,2009,-0.976
ZMB,2010,-0.854
ZMB,2011,-1.160
ZMB,2012,-0.880
ZMB,2013,-1.234
ZMB,2014,-1.298
ZMB,2015,-1.460
ZMB,2016,-1.484
ZWE,1990,-1.265
ZWE,1991,-1.374
ZWE,1992,-1.304
ZWE,1993,-1.384
ZWE,1994,-1.460
ZWE,1995,-1.738
ZWE,1996,-2.374
ZWE,1997,-1.358
ZWE,1998,-0.686
ZWE,1999,0.169
ZWE,2000,1.214
ZWE,2001,0.653
ZWE,2002,0.110
ZWE,2003,0.285
ZWE,2004,-0.300
ZWE,2005,-0.190
ZWE,2006,-0.289
ZWE,2007,-0.808
ZWE,2008,-0.737
ZWE,2009,-0.745
ZWE,2010,-0.406
ZWE,2011,-0.286
ZWE,2012,-0.847
ZWE,2013,-0.240
ZWE,2014,-0.322
ZWE,2015,-1.090
ZWE,2016,-1.098